:020000040800F2
:10000000600C0020919F0008959D0008979D0008B6
:10001000999D00089B9D00089D9D00080000000020
:100020000000000000000000000000009F9D00088C
:10003000A19D000800000000A39D0008A59D0008E8
:10004000E19F0008E59F0008E99F0008ED9F000878
:10005000F19F0008F59F0008F99F0008FD9F000828
:1000600001A0000805A0000809A000080DA00008D4
:1000700011A0000815A0000819A000081DA0000884
:1000800021A0000825A0000829A000080000000009
:100090000000000000000000000000002DA000088B
:1000A00031A0000835A0000839A000083DA00008D4
:1000B00041A0000845A0000849A000084DA0000884
:1000C00051A0000855A0000859A000085DA0000834
:1000D00061A0000865A0000869A0000800000000F9
:1000E0006DA0000871A0000875A0000800000000C5
:1000F00000000000000000000000000079A00008DF
:10010000000000007DA0000881A0000885A0000874
:1001100000000000000000000000000000000000DF
:1001200089A00008AD9D00088DA0000891A00008DE
:1001300095A0000800000000000000000000000082
:1001400000000000000000000000000099A000086E
:100150009DA00008B79D0008A1A00008A5A0000868
:10016000A9A00008ADA000080000000000000000E9
:10017000000000000000000000000000000000007F
:1001800000000000B1A00008000000000000000016
:10019000B5A00008B9A0000840F0200070472DE984
:1001A000F14FB0B0924604910DF142013A9A2B9171
:1001B00099464A7000200AE01AF8011B0498309A08
:1001C00090470028049000F044860D98401C0D9044
:1001D0009AF8000058B12528EED100200021002215
:1001E0000790089109920A910B920C9104E00D98E6
:1001F00000F031BE41F001011AF8010F2028F9D0BA
:1002000023280CD02B2804D02D2805D0302809D045
:100210000BE041F00201EFE741F00401ECE741F0AF
:100220000801E9E741F01001E6E72A280FD1D9F8E3
:10023000002052F8040BC9F8002000280F9003D5C5
:1002400040420F9041F004010AF1010A14E00F92BC
:10025000DFF8082C0AE00F9B934205DA03EB8304D6
:1002600000EB440030380F900AF1010A9AF80000C0
:10027000A0F130030A2BEED39AF800202E2A03D0E7
:100280004FF0FF300E9029E01AF8010F2A2809D10B
:10029000D9F8002052F8040BC9F800200E900AF19A
:1002A000010A1BE02D280CBF0AF1010A00200022E0
:1002B0000E92DFF8A84B0BE040B90E9BA34205DA83
:1002C00003EB830502EB4502303A0E920AF1010A74
:1002D0009AF80020A2F130030A2BEDD3ADF84010BC
:1002E0000FF67C309AF8001000F0FCFE08B11AF806
:1002F000010B8DF842009DF84200682805D19AF85C
:10030000001068290CD1622006E06C2804BF9AF81E
:1003100000106C2904D171208DF842000AF1010A05
:1003200012AA06921AF801BBBBF125002CD01C388A
:1003300000F09781001F022840F29381133800F0EB
:10034000BA84093800F08D81801E00F04F85401E70
:1003500000F0FC84401E022840F28381001F00F060
:10036000F584401F00F0F280401E00F0A484401E7F
:1003700000F0DA80C01E0ED0801E00F09C84C01EEB
:1003800000F0998400F03DBD0122252107928DF8EF
:10039000481000F042BDD9F8000050F8044BC9F8ED
:1003A0000000002C059440F0AB802B994878002881
:1003B00000F0A1804FF0FF340FF6AC2000F0ACFE4F
:1003C000241A40F0468500F028BD01236A4602A9A0
:1003D000304600F00DFE002840F03B85641EF4D14D
:1003E0003096079C12AF74B1309E17F8011B049829
:1003F000B0470028049000F02C850D98401C641E26
:100400000D90F2D130960A9C3021002C8DF800100E
:100410000CDD309E01236A4602A9304600F0E8FD5B
:10042000002840F01685641EF4D13096059F089C84
:1004300074B1309E17F8011B0498B047002804904F
:1004400000F007850D98401C641E0D90F2D1309687
:100450000B9C3021002C8DF800100CDD309E012308
:100460006A4602A9304600F0C3FD002840F0F1843E
:10047000641EF4D1309605980899099C471874B108
:10048000309E17F8011B0498B0470028049000F034
:10049000E0840D98401C641E0D90F2D130960C9CA7
:1004A0003021002C8DF800100CDD309E01236A46AF
:1004B00002A9304600F09CFD002840F0CA84641E6A
:1004C000F4D130969DF8400041077FF581AE2020A1
:1004D000002D8DF800007FF77BAE309C01236A462B
:1004E00002A9204600F084FD002840F0B2846D1E71
:1004F000F4D130946CE60FF65830059000F08DBCC6
:100500000E9D002D04D5204600F026FE044608E08E
:100510002A460021204600F047FE002814BF041B95
:100520002C46089400F079BCD9F8001051F8040B5F
:10053000C9F8001020F00002002121F0FF33CDE9BE
:10054000022312AC0594782100F04CBC2B9948781A
:1005500020B14FF0FF340FF6C8202FE79DF842007E
:10056000622860D0682817D06A283FD06C2806D04F
:10057000712847D074282CD07A281DD062E0D9F891
:10058000001051F8040BC9F80010002866D14FF094
:10059000FF340FF6A42011E7D9F8001051F8040B2E
:1005A000C9F8001020B94FF0FF340FF68C2005E792
:1005B0000D99018000F031BCD9F8001051F8040BFE
:1005C000C9F80010002849D14FF0FF340FF6682019
:1005D000F4E6D9F8001051F8040BC9F8001000280F
:1005E0003CD14FF0FF340FF65020E7E6D9F8001069
:1005F00051F8040BC9F8001080B94FF0FF340FF622
:100600003820DBE6D9F8001051F8040BC9F80010C7
:1006100020B94FF0FF340FF62020CFE60D9AD31704
:10062000C0E90023F9E3D9F8001051F8040BC9F828
:10063000001020B94FF0FF340FF6FC10BEE60D9904
:100640000170EAE3D9F8001051F8040BC9F8001062
:1006500020B94FF0FF340FF6E010AFE60D990160BE
:10066000DBE39DF842004C2807BFD9F80010CA1DF3
:10067000D9F80000C21D22F00702C9F80020D2E913
:1006800000010832C9F80020CDE90201C80F02D0EC
:1006900007982D210AE0BDF84000810702D5079890
:1006A0002B2103E0C00705D50798202112AA115479
:1006B000401C079012A807994BF0200300EB010C97
:1006C000DDE90201CDE92C01612BCDF814C021AC8C
:1006D0000BD00E98002848BF062105D404BF4BF06C
:1006E0002000672801D101210E91DDE902014F00B0
:1006F00047EAD0777E15FF174FF0FF32974208BFC9
:10070000964210D1090341EA10510003002908BFA5
:10071000002808D0ABF1610503211A2D089118D3E8
:100720000FF6341110E0DDE902014A00521512F112
:10073000010F11D108030FD1ABF1610503211A2D6F
:1007400008911FD30FF618110322604600F058FDE0
:1007500063E30FF60011F7E7DDE902016A4600F0F6
:10076000A3FDCDE902014BF02000612811D10598CD
:1007700030220270811C0591BBF1610F0CBF782102
:10078000582102E00FF6D401DEE741700798801C83
:100790000790DDE9020120F0000231F0004308BFBC
:1007A000002A02D10026002542E14BF02008B8F1D2
:1007B000610F40F092800E99002947BF21200190DF
:1007C000491C0191019FDDE92C017F1C00220023BF
:1007D000DDE9024500F0A0FD38BF85F00045009836
:1007E0008DF88420001F002F00900DF1850632DD6A
:1007F000204629460022002300F0A8FD2BD21C220F
:1008000000F0BEFD04460D4600F058FEFF1F002F0D
:10081000804609DD00F06EFE02460B462046294662
:1008200000F038FF04460D46F01D0721B8F1000F17
:100830000CDD491E5EBF08F00F0200F8012D4FEAE3
:100840002818F3D502E0002200F8012D491EFAD540
:10085000C61D002FCCDC0DF18500361A01980DF174
:1008600085048642D8BF304600282FD4B04206DA2D
:100870000DF185010A5C082AA8BF0F2100DA0021CA
:10088000024621AB9B1800E0401E13F80159521E8E
:100890008D42F9D00F2904D10DF185018B5C5B1CD1
:1008A0008B54002A04D50099091D21AC401C0091ED
:1008B000411E0BD4621813783033DDB23A2DA4BF39
:1008C0005B443A3B491E02F80139F4D50E9A002ADE
:1008D00040F1AC80411E0E91A8E00099DFF800279E
:1008E00047F29750414391FBF2F20092DDE92C452B
:1008F000C2F10702002A25F0004504DD2046294602
:1009000000F04AFB0BE052420020DFF8D81600F05E
:1009100043FB02460B462046294600F02DFF0446C5
:100920000D46B8F1660F06BF009F0A3706270E98DE
:100930003F18142FC8BF142730208DF884000DF104
:100940008506002F34DD2046294601F039F801469E
:100950000A4606F1080304200A26B2FBF6F606EB67
:10096000860EA2EB4E02303203F8012C0A22B6FBAF
:10097000F2F202EB820EA6EB4E063036401E03F872
:10098000026DE9D1083F002F03F10806D9DD0846C2
:1009900001F028F802460B462046294600F07AFE70
:1009A0000022DFF8443601F02BF804460D46CAE772
:1009B0000DF18500361A0DF1850404E00098401E03
:1009C000761E0090641C20783028F7D0B8F1660FAE
:1009D00002D10098401C04E0B8F1650F0CBF012063
:1009E00000200E9940188642B8BF701E00281DD402
:1009F000B04204DA215C3429C8BF392100DC30213F
:100A00000246631E9D1800E0401E15F80169521E43
:100A10008E42F9D0392902D1A15C491CA154002A87
:100A200004D50099491C1C46401C00910646009DB7
:100A300001F0DCF8406A0778DDF8388030B2002831
:100A400002DC01260FF21C644BF02000662808BF70
:100A50006D1C16D0672845D128B210F1040F47DB72
:100A6000404545DA9DF840006D1C010703D430B2C3
:100A70004045D8BF804628B2B8EB000848BF4FF0C9
:100A800000080FFA85FBBBF1000F00F3B380089854
:100A9000411C0891302205990A54B8F1000F03DC7B
:100AA0009DF84000010704D50898411C089105995C
:100AB0000F5418EB0B0FB8BFC8F100052DB26842F8
:100AC000454432B20B909542B8BF2E46059B08981C
:100AD00036B2099632462146181800F091FBAD1B3C
:100AE0000C95D1E0BBF1610F17D14FF0700B19E0FD
:100AF00030B2404504DA9DF840100A0758BF8046DE
:100B0000B8F1010848BF4FF00008BBF1670F14BFF0
:100B10004FF0450B4FF0650B04E0BBF1410F08BFF0
:100B20004FF0500B0898411C0891B8F1000F05993F
:100B300014F8012B0A5403DC9DF8400001071AD574
:100B40000898411C0891B8F1000F05990F5412DD67
:100B5000761E30B28045B8BF46460598089B32B233
:100B60002146C01800F04CFB089836B230180890A7
:100B7000A8EB06000B9005980899411828B20028A8
:100B800081F800B003D42B204870891C04E02D228A
:100B90004A700546891C6D4200202CAA0AE02B46AB
:100BA0000A2593FBF5F505EB8504A3EB440302F856
:100BB000013B401C2DB2002DF1DC012806DC4BF07E
:100BC0002002652A04BF302201F8012B00282CAA3C
:100BD00008D1302001F8010B06E0401E135C3033D1
:100BE00001F8013B0028F8DC059A08981018091A4A
:100BF000099149E030B229B288421CDA0598089B75
:100C000032B22146C01800F0FBFA089936B27118CA
:100C10000891ABEB0600B8F1000F0B9003DC9DF8D8
:100C20004000020704D5059847540999491C0991C9
:100C3000CDF8308028E00598089B2AB22146C018DC
:100C400000F0DEFA0898761B5844B8F1000F0890BF
:100C500003DC9DF840100A0703D5411C0891059953
:100C60000F5430B28045B8BF46460598089B32B253
:100C700004EB0B01C01800F0C3FA089836B2301824
:100C80000890A8EB06000B909DF8400000F01400BF
:100C9000102840F0C280079A08980B99821809988A
:100CA0008A1882180C980F998018884280F2B580B3
:100CB000081A0A90B1E09DF84200622808D068281E
:100CC0000ED06A2814D06C281FD0712810D01CE0D8
:100CD000D9F8001051F8040BC9F80010C0B21AE09E
:100CE000D9F8001051F8040BC9F8001080B212E0D6
:100CF000D9F80000C21D22F00702C9F80020D2E98D
:100D000000010832C9F8002006E0D9F8001051F8B7
:100D1000040BC9F800100021CDE902019DF8400044
:100D200002075AD5DDE90201002908BF002854D086
:100D30004BF02002782A50D1079812A930230B5487
:100D4000401C421C079201F800B046E09DF84200AA
:100D5000622808D068280ED06A2814D06C281FD0CA
:100D6000712810D01CE0D9F8001051F8040BC9F814
:100D7000001040B21AE0D9F8001051F8040BC9F87D
:100D8000001000B212E0D9F80000C21D22F00702E4
:100D9000C9F80020D2E900010832C9F8002006E0B5
:100DA000D9F8001051F8040BC9F80010C117CDE9AB
:100DB0000201002902D507982D210AE0BDF8400064
:100DC000810702D507982B2103E0C00705D50798B6
:100DD000202112AA1154401C079012A8079941180B
:100DE0000591594602A800F04DF816E00120079041
:100DF000D9F8001051F8040BC9F800108DF848001C
:100E00000BE001202521BBF1000F07908DF8481061
:100E100003D0022107918DF849B00F9D07980A99D8
:100E20002D1A08986D1A0B992D1A09986D1A0C999C
:100E30002D1A9DF840006D1A41073FF5D2AA2020D7
:100E4000002D8DF800007FF7CCAA309E2C46FFF7CE
:100E5000BCBA4FF0FF3031B0BDE8F08FCBCCCC0C3A
:100E6000686A6C747A4C00007072696E74665F73A5
:100E70003A2062616420257320617267756D656E2A
:100E8000740000002DE9FC4D06468846376940464F
:100E90006F2808BF082405D0FFF77EF9782814BF13
:100EA0000A241024D6E900013C2582468B46B8F17D
:100EB000640F18BFB8F1690F05D1002903D5DAF125
:100EC000000A6BEB4B0BBBF1000F08BFBAF1000F30
:100ED0000CD1306B50B9082C3AD196F83800010784
:100EE00036D530223B2587F83B2031E08DF8008055
:100EF000504659462246002300F07EFE3032D0B2E2
:100F00006D1E3A2801950EDA7A555046594622460A
:100F1000002300F071FE82465FEA010B08BFBAF1C0
:100F2000000F05D108E09DF800001218513AEBE7D8
:100F3000F06879198842DBD3082C09D196F838007B
:100F4000010705D5785D302802D06D1E3020785518
:100F5000C5F13C02306BB26179198242F16008DA66
:100F6000318F821A4FF6EF70014031873262BDE84F
:100F7000F38D00280ED596F8380000F014001028E4
:100F800008D1736B7069316A1B1A5B1A9B1A002BAC
:100F9000C8BF3362BDE8F38D2DE9D04306460F4646
:100FA00014464FF00008DFF8449012E0E00707D540
:100FB00042464B463046394600F022FD06460F4673
:100FC0004046494642464B4600F01AFD64108046B2
:100FD0008946002CEAD130463946BDE8D08300006E
:100FE000A08601000000F03F84D797410000244014
:100FF000F8B505460E4617461C4600205CB117F8AA
:10100000011BB068A847B06030B1F06A401CF062C4
:101010000020641EF3D1F2BD4FF0FF30F2BD00009E
:101020007072696E74665F733A20256E206469730E
:10103000616C6C6F776564007072696E74663A20DB
:1010400062616420256E20617267756D656E740043
:10105000000000006E616E004E414E00696E660039
:10106000494E46003000F0B40246106895681318E7
:10107000506803EB5004C00748BF4D44A3422DD035
:1010800013F8016B16F0030004BF13F8010BC01C2A
:1010900031090F2907D113F8011B0F3103E013F8B1
:1010A000017B05F8017B401EF9D10029E6D013F839
:1010B000010BC6F38106032E08BF13F8016B00EB8A
:1010C0000620404228180026B71E8F421EBF10F887
:1010D000017B05F8017B761CF6D1CFE7F0BC02F16D
:1010E0000C007047C9B202788A421AB11CBF10F8CE
:1010F000012FF9E718BF0020704703681AB95A1E7C
:10110000026008467047197811B94FF0FF307047F8
:10111000591C01601878704780B500B906A00549D0
:101120000B681BB122220021984701E000F07CFEF1
:10113000222002BD58080020636F6E7374726169CB
:101140006E742068616E646C65723A20626164201E
:101150006D6573736167650000F10103810704D059
:1011600010F8011B820781B1FAD10268A2F10131A6
:10117000914311F0803104BF50F8042FF6E709BA0B
:10118000B1FA81F100EBD100401CC01A70478268AF
:10119000521C8260426832B10268531C03601170B5
:1011A0004168491E41607047C9B2830706D0521E8C
:1011B00022D310F8013B9942F7D11FE0083A13D32C
:1011C00002F1040241EA012141EA014150F8043BE5
:1011D000121F21BF4B40A3F1013C2CEA030C1CF071
:1011E000803FF3D0C9B2001F0832521E24BF10F84E
:1011F000013B91EA030FF8D818BF0120401E704749
:1012000062B38B0708D0521E11F8013B00F8013B76
:1012100000F024808B07F6D1830740F0208000BFC8
:10122000103A07D330B4B1E83810103AA0E83810BB
:10123000F9D230BC530724BFB1E80810A0E8081069
:1012400044BF51F8043B40F8043BD20724BF31F8B7
:10125000022B20F8022B44BF0B7803707047121F3B
:1012600017D35B0009D151F8043B20F8023B1B0C5B
:10127000121F20F8023BF6D20BE051F8043B00F8B5
:10128000013B1B0A20F8023B1B0C121F00F8013B1C
:10129000F3D238BF121D521E24BF11F8013B00F8D3
:1012A000013BF8D870472E0010B5144600F002F844
:1012B000226010BDC1F30A5343B14A0012F5001F6A
:1012C00028D2A3F2FE32A1EB0251704750EA410C42
:1012D00020D001F0004C31EA0C01B1FA81F204BFD8
:1012E000B0FA80F3D2180B3AB2F120032CBF00FA07
:1012F00003F1914041EA0C013EBFC2F1200C20FAFB
:101300000CF319439040524240F2FD33D21A01EBE4
:10131000035170470022704741EA030C50EA4C0C1D
:1013200052EA0C0C4FF4001C09D307D01CEB410F00
:101330009CBF1CEB430F8B4208BF824270471CEBE3
:10134000430FFBD8994208BF9042704741EA030C13
:1013500050EA4C0C52EA0C0C4FF4001C09D307D095
:101360001CEB410F9CBF1CEB430F994208BF9042FE
:1013700070471CEB410FFBD88B4208BF824270477D
:10138000124254D440F2FF7C1CEA11530FD0634543
:1013900031D09B1863453CBF01EB0251704701F00F
:1013A000004141EA0C510020AFF30080704750EA41
:1013B000410320D001F0004C91EA0C011CD0B1FA9D
:1013C00081F30B3B9A420DD9D21A994051EA0C0194
:1013D000C3F1200C20FA0CFC61449840531C40F2ED
:1013E000FF7CD7E7914041EA0C01C2F1200C20FAC2
:1013F0000CF3194390407047B0FA80F31533202B5B
:10140000E0D3202AEED3203A203B9A4209D9D21ABF
:1014100000FA03F141EA0C010020531C40F2FF7C6A
:10142000B8E700FA02F141EA0C010020704752428D
:1014300040F2FF7C1CEA11530DD06345DBD0B2EBC8
:10144000030C3CBFA1EB025170470CF1010221EAF1
:10145000035141F4801150EA410CCCD001F0004C12
:10146000352A27DC30B481EA0C01B2F1200309DA15
:10147000C2F12003044601FA03F5D0402843D140CD
:101480009C400CE0C3F12002450020FA03F418BF91
:1014900044F0010421FA03F091400C43002174F15F
:1014A000004550F1000051EB0C01244230BC7FF4A8
:1014B0007BAF70476146002076E74300C1F30A53D3
:1014C00040F21E42D31A0CDDCA0283F3070342EA3C
:1014D000505242F00042DA4002EBE17282EAE170DF
:1014E00070476FEAE17203F2E13008B182F0004028
:1014F0007047000010F0004160B148BF4042B0FAB0
:1015000080F29040D21CC2F5846241EA025202EBA2
:10151000D02140057047000070B491EA030F4FF0EE
:10152000004540F1BF806B40841A71EB030604D282
:101530006E40001BB141121973414FF4001C1CEBAB
:10154000410F34BF7CEB430683E00C0DA4EB135634
:10155000362E00F37C80012E45EAC32341DC43EAAA
:10156000525312BFD20292025B08240545EAC12100
:1015700041EA5051D2EBC020994125D407D1B0FAAD
:1015800080F610FA06F162D00020203608E0B1FAA9
:1015900081F6B140C6F1200220FA02F21143B040B8
:1015A0004FEAF474B4EB465434F001064FEA740485
:1015B0000AD8D6F50016760D04F00044F04061FA22
:1015C00006F25040F1404840C00A40EA415021F044
:1015D000004128BF5FEA500550F1000044EBD121E3
:1015E00035E0DB0A45EAC121C90AB6F120050EDD66
:1015F00042EA0242120CC5F1200603FA06F6EB405D
:1016000042EA06056D42984161F100010DE062FA7F
:1016100006F5F240554063FA06FC82EA0C02F340FC
:101620005A406D42904161EB030111F4801F05D1D6
:10163000641E620502D06D004041494121F48011D1
:10164000430875F1004350F1000041EB045170BCB8
:1016500070471CEB410F15D223F0004352EA4306BA
:101660000BD04FEA4C0CBCEB410F04D80C0D661E9E
:10167000342EB7DDEBE7801A994150EA410608BFE6
:101680000021E4E708BF1CEB430F28BF6FF0000107
:10169000DDE7000070B491EA030F4FF000457FF5DD
:1016A00043AF6B40841A71EB030603D2001BB141B8
:1016B000121973414FF4001C1CEB410F34BF7CEB3B
:1016C000430442E00C0DA4EB1356352E4FDC45EAE3
:1016D000C323DB0A45EAC121C912B6F120050DDD9D
:1016E00063FA05F6EB4086EA0305124218BF45F09F
:1016F0000105C01851F100010CD213E062FA06F5A1
:10170000F2405540F3415A40B340F3405A408018EC
:10171000594107D349085FEA30005FEA350528BF21
:1017200045F0010501F58011420875F1004250F1C4
:10173000000041EB04514E0016F5001F70BC38BF8D
:1017400070470020090D090570471CEB410F10D2AE
:1017500052EA43060BD0BCEB410F05D80C0DAB434E
:10176000661E342EB6DD02E0AB438018594170BCD2
:10177000704770BC70470000F0B540F2FF7581EA19
:10178000030C0CF0004C15EA11541DBF15EA135759
:10179000AC42AF42E5E0BC41C1F31301C3F3130314
:1017A000801A994143F4801304D2641E0018494101
:1017B00080185941C90241EA5051B1FBF3F603FBCD
:1017C0001611A2FB0675D7EBC020A94102D2761EE6
:1017D00080185941C90241EA5051B1FBF3FE03FBA5
:1017E0001E11A2FB0E75D7EBC020A94103D2AEF1AA
:1017F000010E80185941890241EA9051760546EA66
:101800008E2EB1FBF3F603FB1611A2FB0675D7EB88
:101810008020A94102D2761E80185941C90241EAAE
:1018200050514EEA060EB1FBF3F603FB1611A2FB74
:101830000675D7EBC020A94102D2761E8018594107
:10184000C90241EA5051B1FBF3F703FB1711A2FBA8
:101850000735D3EBC020A94167F100070CBF004258
:1018600047F0010766F3D5274FEA1E31B80814F593
:10187000806412DDBD0775F1004250EB0E5051EB54
:10188000045111F5801F5CBF41EA0C01F0BD4CF022
:101890007F6141F0E0410020F0BDBD076D0840EAE6
:1018A0000E5041F48011D4F10104B4F120060ADA9B
:1018B000C4F120060200E04001FA06F3E1401843BB
:1018C000B24015430EE0342C13DCC6F1200445EA87
:1018D00040056D0820FA06F2154321FA06F0A140F2
:1018E0000D43002175F1004250F1000051EB0C0155
:1018F000F0BD00205FEA0C01F0BDCFB992185B414A
:10190000B3FA83F704BFB2FA82F6BF190B3FB7F1FF
:1019100020062FBF02FA06F3BB40C7F1200622FAC9
:1019200006F638BF3343BA401CB1E419641E33E7EE
:101930007F4231F00041B1FA81F404BFB0FA80F681
:10194000A4190B3CB4F120062FBF00FA06F1A14008
:10195000C4F1200620FA06F638BF3143A0403C1BF4
:101960001AE7AC421ABF05EA1357AF4212E050EA39
:1019700041061CBF52EA4306BFE750EA4107304622
:1019800061461CBF41EA0551F0BD52EA430C08BF55
:10199000C143F0BD00204FF4001616EB410F98BF75
:1019A00016EB430F08BF16EB410F24BFC14305E000
:1019B00016EB430F0CBF61464CEA0551F0BD000029
:1019C000400D40F21E4C40EAC120BCEB115C40F0DF
:1019D000004003D48CF30701C84070476FEAE17000
:1019E0007047000050B1B0FA80F18840C91CC1F5C1
:1019F0008461090501EBD02140057047014670471D
:101A000030B540F2FF7C1CEA11541DBF1CEA13558F
:101A1000644565453FE0641981EA030C6FF35F5349
:101A20000CF0004C43F48013C90241F0004141EA3C
:101A3000505EC5021100A5FB020200284FF0000015
:101A4000EEFB01204FF00001E3FB052118BF42F03F
:101A50000102401800214941E3FB0E01A4F5806416
:101A60000D0302D292184041494154F1010470DD46
:101A7000450872F1004250F1000051EB0451A1F50C
:101A8000801102D441EA0C0130BD40F2FF7E4CEAE5
:101A90000E51002030BD0CEA1355644518BF654552
:101AA00081EA030C0CF0004C41D050EA410E1CBFFF
:101AB00052EA430E02E06146002030BD24422C442D
:101AC0001BD15FEA050EF6D0090302BF01460020D4
:101AD000AEF1140EB1FA81F5AEEB050401FA05FE84
:101AE0000C35C5F1200100FA05F5C8404EEA000E9C
:101AF0006FF35F5343F480139CE733F00043B3FA72
:101B000083F504BFB2FA82FE75440B3D641BB5F148
:101B1000200E2FBF02FA0EF3AB40C5F1200E22FAC1
:101B20000EFE38BF43EA0E03AA40641C7CE750EA6D
:101B3000410E14BF52EA430E6FF000014FF400153E
:101B400015EB430F8EBF194615EB410F9DE7B4D837
:101B500030BDD4F10104B4F120050FDAC4F1200541
:101B6000520828BF42F0010210FA05FE01FA05F5FD
:101B70007244E2BFE0402843E1400FE0352C9ADC9C
:101B8000C5F1200452EA400220FA05F218BF42F0E3
:101B9000010231FA05F0A1400A43002172F100422E
:101BA00050F1000051EB0C0130BD0000613807E03E
:101BB00005E0A0F161011A2901D2012070474138E6
:101BC0001A288041C00F7047A0F10901052901D3EF
:101BD000202801D10120704700207047A0F1410169
:101BE0001A2938BF203070470148704701487047B4
:101BF0008C00002054000020BBBBE1B1B2F5803F57
:101C000080F07E80022A1ED98C46B1FBF2F102FBE5
:101C100011C31B0443EA1043B3FBF2FC02FB1C3369
:101C200080B240EA0343B3FBF2F002FB103240EA19
:101C30000C4000237047022A05D98446B0FBF2F01D
:101C400002FB10C270474AB105D100F001024908F9
:101C50005FEA3000704700220023704700F0E8B8C8
:101C60000B000200002100207047904271EB030C32
:101C7000F6D3B3F5803F2FD2F0B5B3FA83F7B1FABC
:101C800081F4A7F10F0E3D1B5340CEF1200602FA5E
:101C90000EF2F3415340B5F10F0746D80F3C2C44E8
:101CA0004140C4F12006A040F1414140B1FBF3F6B0
:101CB00003FB1611A2FB0645001BA94102D2761EAA
:101CC0008018594180EA010221FA0EF362FA0EF2FD
:101CD00000215A403046F0BD30B4B1FBF3FC03FBA9
:101CE0001C11A2FB0C45001BA94103D2ACF1010C55
:101CF0008018594130BC02460B46604600217047AF
:101D0000B2F1807F65D3F0B5B2FA82F7B1FA81F40F
:101D1000C7F10F063D1B22FA06F307F1110EF2413F
:101D200020355A40B5F10F07B8D94140C4F120061B
:101D3000A040F1414140B1FBF3FC03FB1C11A2FBAD
:101D40000C45001BA94103D2BCF1010C801859417C
:101D50000F2F12D30F3FC90341EA5041B1FBF3F6F5
:101D600003FB1611A2FB0645D4EBC030A94102D2F9
:101D7000761E8018594146EACC3C07B34140C7F172
:101D80002006B840F1414140B1FBF3F603FB1611C8
:101D9000A2FB0645001BA94102D2761E80185941BC
:101DA00080EA010221FA0EF3C7F1200462FA0EF272
:101DB0000CFA07F05A402CFA04F13043F0BD80EAE7
:101DC000010221FA0EF3002162FA0EF260465A4037
:101DD000F0BD8C46B1FBF2F102FB11C31B0243EADA
:101DE0001063B3FBF2FC02FB1C331B024CEA002025
:101DF00043EA1063B3FBF2FC02FB1C331B024CEA08
:101E0000002043EA1063B3FBF2FC02FB1C331B020D
:101E10004CEA002043EA1063B3FBF2FC02FB1C32E5
:101E20004CEA002000237047012000F003B80000B6
:101E30007047000080B500F007F8024A1100182032
:101E4000ABBEFBE72600020010B500F03BF8020035
:101E500000230024E4431068A04203D011000220B4
:101E6000ABBE13605068A04203D0111D0220ABBE70
:101E7000536010BDF0B583B0040000F023F8A1005A
:101E800047183D680026F643B54216D1AFF30080EF
:101E90003D68B5420FD100BF09A00090002C01D1D0
:101EA000002000E0042001900320029069460120F8
:101EB000ABBE05003D60AFF30080280003B0F0BD6D
:101EC0003A74740000487047200100200346084619
:101ED0000122C168491CC1600021006818470346FF
:101EE0000846C1680269491C521E002A0261C1608D
:101EF00003D400680122002118474FF0FF307047DB
:101F0000034608461146C268521E11F1010FC26015
:101F100002D0006800221847704700002DE9F84FF2
:101F20009AB0002500914FF0FF381B680193029290
:101F30000DF13F02249B8DF81F30039519928146C5
:101F400013E00398401C0390012200980021C84729
:101F5000054600F079FE0028F3D12A466946484636
:101F6000FFF7CEFF0299481C02900298007800F01B
:101F70006BFE0028E5D1029D287820B9404500DAA3
:101F8000404600F039BD252809D1681C029001782F
:101F90002A2915D1401C0290401E007811E00398B8
:101FA000401C0390012200980021C84729788842EC
:101FB000D8D0024669464846FFF7A2FF0020DDE779
:101FC000002000218DF81C000591DFF8203A0AE07E
:101FD000059A9A4205DA02EB820501EB4501303998
:101FE0000591401C029002980178A1F130020A2A62
:101FF000EED34FF0FF37069701780FF6F410FFF796
:1020000071F820B10298401C0290401E00788DF8B3
:102010001D009DF81D00682805D102980278682AE5
:102020000CD1622106E06C2802BF029802786C2A6B
:1020300004D17121421C8DF81D1002920298017882
:102040000FF6A030FFF74EF880B90398401C0390BC
:10205000012200980021C847054600F0F5FD002840
:10206000F3D12A4669464846FFF74AFF0020029A04
:102070008DF81E00107825383AD01C3800F09F806B
:10208000001F022840F29B80133800F01583C01E09
:102090001FD0801F00F09380801E00F09284401EAD
:1020A00000F00A83401E022840F28980001F00F0E1
:1020B0000383401F41D0401E012840F2FD82001FD3
:1020C00038D0801E00F0F882C01E00F0F58200F0CB
:1020D00083BC3A4600F076BC2498002800F07D844A
:1020E00017F1230F40F079844FF0FF3000F084BCEB
:1020F0000398401C0390012200980021C847054620
:10210000252D0CD1B8F1000F48BF4FF000089DF805
:102110001E0000283FF426AF08F1010822E72A46F6
:1021200069464846FFF7ECFE15F1010F00F05584B3
:1021300000F052BC012200F045BC9DF81C000028B4
:10214000E0D19DF81D0062282DD0682811D06A28A2
:102150001BD06C2801D0712817D0019951F8040BBD
:10216000019118B90FF6842000F027BC0399016093
:10217000C8E7019951F8040B019118B90FF66C20CA
:1021800000F01BBC03990180BCE7019951F8040BD6
:10219000019118B90FF6542000F00FBC039AD31721
:1021A000C0E90023AEE7019951F8040B019118B979
:1021B0000FF6382000F001BC03990170A2E70598E2
:1021C0000028D8BF6FF00040049069464846FFF7EA
:1021D00086FE00250AAC2B2818BF2D2807D18DF8C4
:1021E000280069464846FFF77AFE0DF129040026CB
:1021F00030284FF00A0A16D169464846FFF76FFEAD
:1022000040F02001C9B2782902D001263146ECE025
:1022100030202070617048466946FFF760FEA41CBC
:102220004FF0100AF2E740F02001CAB26E2A4CD1FA
:102230006E2004F8010B69464846FFF750FE8346BE
:102240004BF02000C0B26128AA4640F0898161218C
:1022500004F8011B48466946FFF741FE83464BF0F0
:102260002000C0B26E2840F07B8169464846FFF7E7
:1022700036FE282806D0024669464846FFF740FE4B
:102280006E2052E00498401E049004D50398401C30
:102290000390BB4604E069464846FFF717FE8346B5
:1022A000CDF820B0584600F0D9FC0028EAD1ABF1B7
:1022B00030000A28E6D308985F28E3D08346BBF1B4
:1022C000290F40F04D816E202FE0C9B2692940F0FE
:1022D0009C80692004F8010B69464846FFF7FFFD22
:1022E00083464BF02000C0B26E28AA4640F03881E9
:1022F0006E2104F8011B48466946FFF7F0FD83464E
:102300004BF02000C0B2662840F02A81694648465A
:10231000FFF7E5FD40F02001C9B2692908D0024667
:1023200069464846FFF7ECFD662004F8010B1DE105
:1023300003980499401C491E00290491039005D478
:10234000009801220021C847834600E0BB464BF0BD
:102350002000C0B26E2840F0038103980499401C0D
:10236000491E00290491039005D400980122002100
:10237000C847834600E0BB464BF02000C0B2692846
:1023800040F0EE8003980499401C491E00290491F6
:10239000039005D4009801220021C847834600E03D
:1023A000BB464BF02000C0B2742840F0D98003989F
:1023B0000499401C491E00290491039005D40098FB
:1023C00001220021C847834600E0BB464BF02000B5
:1023D000C0B2792840F0C480662104F8011BC5E032
:1023E00069464846FFF772FD0121302808D104985C
:1023F000401E0490F4D50398401C03903846F3E740
:102400000E4611B1302104F8011B0146AB4630469F
:1024100005E069464846FFF759FD0146012011F1E4
:10242000010F24D0CBB2612BA8BFA1F157020ADA69
:10243000412BA8BFA1F1370205DA303B0A2B34BF8C
:10244000A1F13002FF22D2B2524510D2BBF1240FCB
:10245000BABF04F8011B0BF1010B6D1C0498401E60
:102460000490D6D50398401C03903946D6E78DF8E2
:1024700020000E46CDF824B0FFF7B8FB406A017883
:102480008E4210D104F8016B03980499401C491E38
:1024900000290491039005D4009801220021C84727
:1024A000064600E03E460998E0B99DF8201005E098
:1024B00069464846FFF70AFD06460121302E09D13C
:1024C00004986D1E401E0490F2D50398401C0390A2
:1024D0003E46F2E7002D8DF8201003D5302104F898
:1024E000011B6D1C30469DF82010099E04E06946D2
:1024F0004846FFF7EBFC012110F1010F22D0C3B2D7
:10250000612BA8BFA0F157020ADA412BA8BFA0F1A6
:10251000370205DA303B0A2B34BFA0F13002FF222C
:10252000D2B252450ED2242E08DB0498401E0490ED
:10253000DDD50398401C03903846DCE704F8010B16
:10254000761CF2E70E0083460AD04BF02000BAF169
:102550000A0FC0B234D1652834D001E083460E465C
:102560005A4669464846FFF7CBFC0EB3002121705E
:102570009DF81C0000287FF4C5ADBAF10A0F0B4688
:1025800074DC2A460AA800F063FC01228DF81E20A4
:102590009DF81D20019B6C2A73D153F8042B0193E5
:1025A000002A6BD1DFF84004784400F23C4004E29A
:1025B0000AA8844208BF1BF1010F40F00D820CE213
:1025C0007028CDD104F801BB0498401E049010D4AB
:1025D0000398401C0390012200980021C8472B2833
:1025E00018BF2D2811D104F8010B0498401E049047
:1025F00004D50398401C0390384606E00398401C1D
:102600000390012200980021C847002104E0694698
:102610004846FFF75BFC0121302808D10498401E92
:102620000490F4D50398401C03903846F3E70A0061
:102630001CBF302204F8012B002604E069464846FE
:10264000FFF744FC0121A0F130020A2A86D2082EAD
:1026500008DB0498401E0490F0D50398401C0390BA
:102660003846EFE704F8010B761CF2E700220AA8CF
:1026700000F0EEFBAA00FEF783FE86E7C2E9000148
:1026800040E54C2A0AD153F8042B0193002AF5D1D6
:10269000DFF85403784400F554708EE11D681A1D6C
:1026A00001922DB9DFF84003784400F54F7084E1C2
:1026B00000F08AFC286025E505980028CCBF401E64
:1026C000DFF81C0504900028039808AC1AD4401CBD
:1026D0000390012200980021C8472B2818BF2D28FD
:1026E00013D18DF820000DF1210403990498491CA1
:1026F000401E00280490039106D400980122002176
:10270000C84702E0401C039038460021029A127824
:10271000642A18BF752A0FD0692A08BF00250CD07B
:102720006F2A08BF082508D0702A1CBF42F020027B
:10273000782A02D1102500E00A2530282ED10498ED
:102740000126401E0490039805D4401C03900122EA
:102750000098C84702E0401C0390384640F0200132
:10276000C9B2782917D1002D18BF102D1ED1049899
:102770001025401E0490039807D4401C03900122AA
:1027800000980021C847002610E0401C03903E46F8
:102790004FF0000A4DE04DB9082507E0BDBB0A2502
:1027A00035E069464846FFF791FB0126302808D1FD
:1027B0000498401E0490F4D50398401C03903846BA
:1027C000F3E731460A0022D0302204F8012B1EE044
:1027D000412BA8BFA0F1370306DAA3F130020A2A81
:1027E00034BFA0F13003FF23DBB2EAB293421ED222
:1027F00019998C4214D30498401E0490039812D463
:10280000401C0390012200980021C847012110F1CB
:10281000010F0CD0C3B2612BDADBA0F15703E3E761
:1028200004F8010BE7E7401C0390012138460646F7
:102830008A46324669464846FFF762FBBAF1000F06
:102840001DD0002121709DF81C0000287FF45AAC97
:1028500002980078642818BF692869D02A4608A819
:1028600000F0BCFC01228DF81E20029A1378702B18
:1028700010D1019B53F8042B01934AB99CE008A89E
:10288000844240F0A98016F1010F00F0A680A3E079
:10289000106037E49DF81D20622A39D0682A11D0D3
:1028A0006A2A25D06C2A06D0712A29D0742A18D019
:1028B0007A2A0FD035E0019B53F8042B0193002AAC
:1028C000E6D179E0019B53F8042B0193002A73D0E1
:1028D000108017E4019B53F8042B0193002AD7D1F1
:1028E0006AE0019B53F8042B0193002AD0D163E0E6
:1028F000019B53F8042B0193002A7FF4BFAE5BE0E9
:10290000019B53F8042B0193002A7FF4B7AE53E0E8
:10291000019B53F8042B0193002A4DD01070FFF750
:10292000F1BB019B53F8042B0193002AB0D143E083
:102930002A4608A800F0A6FC01228DF81E209DF86A
:102940001D20622AE4D0682ABCD06A2A1DD06C2AD5
:1029500006D0712A21D0742A10D07A2A07D024E018
:10296000019B53F8042B0193002A91D124E0019B91
:1029700053F8042B0193002A8AD11DE0019B53F8E0
:10298000042B0193002A83D116E0019B53F8042BFA
:102990000193002A7FF472AE0EE0019B53F8042BE2
:1029A0000193002A7FF46AAE06E0019B53F8042BE2
:1029B0000193002A7FF46CAF9BA0FEF7ADFB3F1A9A
:1029C00005E000226946484600F03CF80746002F23
:1029D0003FF798ABFFF780BB0027B8F1000F7FF5FA
:1029E000CFAAB846FFF7CCBAF8730000CBCCCC0C1A
:1029F000686A6C747A4C00001BB0BDE8F08FC9B2F5
:102A000008E003789942A4BF90F802C08C4515DA1B
:102A1000C01CD21E032A09D343782D2BF1D010F805
:102A200001CB8C4518BF521EF4D107E042B110F81B
:102A3000013B8B4202D0521EF9D101E001207047C8
:102A4000002070472DE9F04F14460026002C83B07B
:102A500083460F464FF0000925D5B868411CB96080
:102A6000084601785E2903BF401CB86010F8018D4C
:102A7000C846BD6828785D280CBF681C28465D21C3
:102A8000FEF730FB002800F0A280411B0091B860E7
:102A90000098032807DB821E2D21681CFEF784FBAB
:102AA00008B14FF001097869002804DC002C14BF3C
:102AB0006FF0004001203861387F002801BF78683E
:102AC00050F804AB7860BAF1000F07D14FF0FF3433
:102AD00001487844801C10E064710000387FA8B978
:102AE000F87F98B1796851F8040B7960B0F1004F24
:102AF000C0F007804FF0FF3443A0FEF70DFB201A13
:102B00006BE0B969884288BF0846B861CDF8048097
:102B1000CDF80890DDF8008000E00226F8683969F9
:102B2000401C491E00293961F86002D54FF0FF3979
:102B300037E0386801220021D847814619F1010F9A
:102B40002FD0002C0CDC1ED50298002801980AD04A
:102B5000002842464946284612D0FFF750FF09E0B8
:102B600000F072F806E0002842464946284603D0A5
:102B7000FEF71AFB38B114E0FEF716FB88B102E04D
:102B8000FFF73DFF68B1387F0028C6D1B86938B17A
:102B90000AF8019B0121B869B977401EB861BCE70A
:102BA000012658464A463946FFF7AAF90CB1022ECB
:102BB00009D0022E10D0F00702D419F1010F06D16E
:102BC0004FF0FF3009E0387F30B9B86908B900200C
:102BD00003E000208AF80000012003B0BDE8F08F78
:102BE000FEFFFF7F63436E5B000000007363616E56
:102BF000665F733A2062616420256E20617267759A
:102C00006D656E74000000007363616E665F733AF9
:102C1000206261642025632C2025732C206F722094
:102C2000255B2073697A65007363616E665F733A32
:102C30002062616420696E746567657220617267E5
:102C4000756D656E7400000010B50446FEF7CCFF8C
:102C500001462046096ABDE81040084710B5044601
:102C6000FEF7C2FF014620460969BDE8104008474B
:102C7000F8B52DED048B140082B041EC180B1D4605
:102C800000F0DA8031F0004108BF002800F0D48065
:102C900051EC180B4A00521512F1010F02D1080332
:102CA00000F0CA80002C9FED689B57D56442654FA9
:102CB0007F4407F5C87708260CE0E00707D5D7E979
:102CC000002351EC190BFEF79BFE41EC190B640835
:102CD0000837761E002C18BF002EEED16A4651EC44
:102CE000180BFEF7E1FA009E53EC192BFEF744FD9A
:102CF0003246FEF745FB41EC180B31F0004108BFAE
:102D0000002800F0828051EC180B4A00521512F195
:102D1000010F01D1080378D0002C76D06A4651EC1F
:102D2000180BFEF7C1FA009E994A9A4BFEF768FE0F
:102D30003246FEF725FB41EC180B31F0004108BF8D
:102D4000002862D051EC180B4A00521512F1010F05
:102D500001D1080359D0641EE0D156E055DD394F4A
:102D60007F4407F1E0070826E00707D5D7E90023ED
:102D700051EC190BFEF744FE41EC190B64100837B7
:102D8000761E002C01DD002EEED16A4651EC180BA8
:102D9000FEF78AFA2646009C53EC192BFEF730FE0C
:102DA0002246FEF7EDFA41EC180B31F0004108BF66
:102DB00000282AD051EC180B4A00521512F1010FCD
:102DC00001D1080321D0002E1FDD6A4651EC180BFB
:102DD000FEF76AFA009C704A784BFEF711FE224615
:102DE000FEF7CEFA41EC180B31F0004108BF002885
:102DF0000BD051EC180B4A00521512F1010F01D102
:102E0000080302D0761E002EDFDC51EC180B31F0E7
:102E1000004108BF002808D051EC180B4A00521599
:102E200012F1010F08D1080306D1AFF300801DB1E4
:102E3000286840F00100286002B051EC180BBDEC8E
:102E4000048BF4BD1C6E0000000000000000F03F89
:102E50002DE9F14D81B00C462DED028B84B09346E7
:102E60005FEA030A1CBF0020CAF80000079D07A8FC
:102E700000F00BFAC11020F00800012801F0010851
:102E800032D10220009001AB07992246284600F07B
:102E90008DFA040008BF9FED4A0B1ED00298FEF782
:102EA00029FB022C41EC100B17DB03AF661E9FEDD4
:102EB0003B8B51EC100B53EC182BFEF7A1FD044695
:102EC00057F8040B0D46FEF715FB22462B46FEF77E
:102ED00023FB761E41EC100BEBD1019800EB0B02AB
:102EE000534651EC100B33E0022836D1009001AB71
:102EF00007992246284600F035FB040008BF9FEDE5
:102F0000300B1ED00298FEF7F5FA022C41EC100BA4
:102F100017DB03AF661E9FED238B51EC100B53ECB8
:102F2000182BFEF76DFD044657F8040B0D46FEF70F
:102F3000E1FA22462B46FEF7EFFA761E41EC100B23
:102F4000EBD1019A51EC100BFEF71AFA53465A4690
:102F5000FFF78EFE41EC100B0AE0032808BF9FED3F
:102F6000130B05D004280CBF9FED120B9FED140B23
:102F7000B8F1000F05D051EC100B81F0004141EC8D
:102F8000100B04B051EC100BBDEC028BBDE8FC8DB6
:102F9000436FAC642806C80A3CBF737F0000000082
:102FA00065CDCD41000000000000B04100000000F0
:102FB0000000F07FFFFFFFFFFFFFFF7FDD4F157574
:102FC000000000000000000001F000428B1AA3F195
:102FD0006051B1F5801F0ADBB1F17F6F1FD242EA69
:102FE000C102C10071F1004142EB507070470B15F6
:102FF000C3F10903212B10D2890241EA90518002CA
:103000000128494141F0004121FA03F0C3F12003B6
:10301000994071F1004150417047100070476FF0C6
:10302000000013EB103F5CBF000E42EAC050704737
:103030002DE9FC4F85B00C4693460BB100221A6077
:103040000290824601E00AF1010A9AF80000FFF7B7
:10305000FBFD0028F7D19AF800002D2818BF2B2877
:1030600007BF1AF8010B8DF800002B218DF8001016
:10307000BBF1000F019405D4BBF1010F02D0BBF1ED
:10308000250F04DB002C72D0029820606FE0BBF1AA
:10309000000F0DDDBBF1100F04BF9AF800003028BF
:1030A00002BF9AF8010040F02000782814D10EE009
:1030B0009AF80000302818BF4FF00A0B0CD19AF88C
:1030C000010040F02000782804D14FF0100B0AF1E5
:1030D000020A01E04FF0080BCDF810A001E00AF160
:1030E000010A9AF800003028F9D0094878442030C5
:1030F000002428300025CDF80CA000260027A0468B
:103100008DF80100DFF80890F94409F1040919E08D
:10311000DC6A000001469DF80100081A5FFA80F899
:103120005846A0FB04234FEAEB7100FB053301FB7B
:103130000433264600212F4612EB080443EB010519
:103140000AF1010A9AF8000000F012FB01465A4603
:1031500009F12800FEF728F80028DBD10499514531
:103160005A4607D1019810B10199029808600020D1
:10317000002130E0039919F80200AAEB0101091AB5
:1031800000291BD410DC0023B4EB080065EB03011D
:103190008D4209D301D8844206D3D317FEF72CFD04
:1031A000B94208BFB04209D0AFF30080069808B119
:1031B000012101604FF0FF34254606E09DF8000034
:1031C0002D2802D1644265EB4505019808B1C0F88D
:1031D00000A02046294607B0BDE8F08F00BF0023BD
:1031E00026E700002DE9F8430C0091461D4608BF74
:1031F0006C468046474600E07F1C3878FFF724FD88
:103200000028F9D13E782D2E18BF2B2E05D117F8A6
:10321000010FFFF719FD08B109E02B262B464A469E
:1032200021463846FFF704FF2268974205D1C4F8CB
:10323000008000200021BDE8F4832B2E05D14FF043
:103240000043994209D2BDE8F4832D2EFBD1B1F1A0
:10325000004F12D301D801280FD3AFF300800DB176
:10326000012028602D2E19BF4FF0FF306FF0004174
:1032700000204FF00041BDE8F483404261EB410182
:10328000BDE8F48300BF0023ACE72DE9F843054611
:103290000C462E68002700E0761C3078FFF7D4FC3F
:1032A0000028F9D130782D280CBF08272B2800D111
:1032B000761C307840F020016E2927D1707840F0DC
:1032C0002000612802BFB07840F020006E2802D0B4
:1032D0002E68002746E0F61CB046042798F8000048
:1032E00028283FD118F8019F4846FFF7B7FC00286F
:1032F000F8D1A9F130000A28F4D398F800005F282B
:10330000F0D029282ED108F101062BE069292CD113
:10331000707840F020006E2802BFB07840F02000A6
:10332000662802D02E6800271CE016F8030F40F034
:10333000200047F00307692802BF707840F02000A2
:103340006E280FD1B07840F02000692802BFF078D5
:1033500040F02000742805D1307940F02000792811
:1033600008BF761DF4B126601CE0302802BF7078DB
:1033700040F02000782813D1B01C01782E2908BF16
:10338000401C0078A0F16101062921BFA0F1410293
:10339000062A30380A2803D2B61C47F0020701E09B
:1033A00047F001072E603846BDE8F2832DE9F14F62
:1033B0008CB04FF00008169D05EBC5059246C3463C
:1033C0002D2DC8BF2D25C3F800B0C3F804B0D946D1
:1033D00002E0491C4FF0010908783028F9D0002498
:1033E00011E01868401C18600A78302A08D04FF0A5
:1033F000010805E0AC42F4DA30380DF80400641C32
:10340000491C4FF001090878A0F130020A2AF1D3D3
:103410000F461E46FEF7EAFB406A39780278914271
:1034200008BF7F1C002C48460ED1397830290BD1BB
:103430003068401E30607F1C0120F6E7302918BF3D
:103440004FF001087F1C01203978A1F130020A2ACF
:103450000AD2AC42F2DAA1F130000DF80400641C8B
:103460003268521E3260EDE7B8F1000F0DD0ADF1B9
:103470000102515D491C515507E0ADF10103195D91
:1034800049B93268521C3260641E002CF5DC04BF5E
:103490008DF800B00124002856D0092394FBF3F3E3
:1034A000C4F1090903EBC3034B44092193FBF1F178
:1034B000002201EBC101591A1AD04FF0010B17E09D
:1034C00056F82B1001EB810105EB410146F82B105A
:1034D0000CE0092193FBF1F101EBC1011DF8025051
:1034E000591AEDD10BF1010B46F82B505B1C521C05
:1034F000A242EEDB397841F02001652924D139461A
:1035000017F8012F2B2A16BF2D2A17F8013B2B2362
:1035100000220024124D08E0AC4204DA04EB8402DD
:103520000CEB4204303C7F1C012297F800C0ACF148
:10353000300EBEF10A0FEFD32D2B08BF6442336863
:10354000E418346002B90F46BAF1000F03D000B995
:103550000C9FCAF8007058460DB0BDE8F08F00BF50
:1035600000E1F5052DE9F14F8CB00025169FC7EB62
:10357000C7079046232FC8BF23271D605D60A9465B
:1035800002E0491C4FF0010908783028F9D000BF4B
:103590000FF2AC1070A2AA46019000920DF1080B38
:1035A0000C461E4610E03168491C316009E0574561
:1035B000F9DB019A0099801A085C0BF80A000AF1FD
:1035C000010A641C4FF0010994F800105CA0162257
:1035D000FDF7EAFD0028EAD1FEF708FB406A2178F2
:1035E0000278914208BF641CBAF1000F19D120780B
:1035F000302816D13168491E3160641C4FF0010932
:10360000F5E757450ADB019A0099801A085C0BF828
:103610000A000AF1010A3168491E3160641C4FF04A
:10362000010921785FF0160245A0FDF7BDFD0028D5
:10363000E7D151468F42484615DA1BF80710072993
:1036400004DD0DF10702D15D491CD15539463368BF
:103650005B1C336007E00DF107035A5C4AB933681D
:103660005B1C3360491E0029F5DC04BF8DF808504F
:103670000121326892000028326054D0072791FB64
:10368000F7F7C1F1070CC7EBC7076744072297FBA1
:10369000F2F20023C2EBC202BA1A17D0012515E0DC
:1036A00056F825200CEB021246F825200CE002AA61
:1036B00012F803C0072297FBF2F2C2EBC202BA1A59
:1036C000EED16D1C46F825C07F1C5B1C8B42EEDBE7
:1036D000217841F02001702925D1214614F8012FCD
:1036E0002B2A16BF2D2A14F8013B2B23002200277A
:1036F000DFF848C008E0674504DA07EB87020EEB05
:103700004207303F641C012294F800E0AEF130091A
:10371000B9F10A0FEFD32D2B08BF7F423368FF1892
:10372000376002B90C46B8F1000F03D000B90C9C09
:10373000C8F8004028460DB0BDE8F08F00E1F5055F
:103740003031323334353637383961626364656617
:1037500041424344454600000001020304050607B8
:1037600008090A0B0C0D0E0F0A0B0C0D0E0F0000B2
:1037700010B50446FEF738FA01462046896ABDE8CE
:103780001040084770B50400002C01D10120E1E091
:1037900094F83D00002805D1002084F83C0020006A
:1037A00000F010FE242084F83D00206800684008E6
:1037B0004000216808602068006850F400402168DB
:1037C00008602068006830F400402168086000F05C
:1037D000DEFE0200DFF880016168814208D2DFF876
:1037E0007C118A4201D2012100E00021C9B207E028
:1037F000DFF86C118A4201D2012100E00021C9B238
:10380000012901D10120A5E0DFF85811B2FBF1F147
:1038100023685B689B099B010B4325686B602368E9
:103820001B6A6568854201D24D1C08E04FF496750D
:1038300005FB01F54FF47A76B5FBF6F56D1C9B0997
:103840009B012B4325682B622368DB6965688542F1
:1038500014D2501E65686D00B0FBF5F0401C0005E9
:10386000000D042801D204253EE0501E65686D005D
:10387000B0FBF5F56D1C2D052D0D35E0A068002879
:1038800009D1551E666803204643B5FBF6F0401C7F
:103890000005000D0AE0551E666819204643B5FB79
:1038A000F6F0401C0005000D50F48040000501D1E9
:1038B000012519E0A068002809D1551E666803207B
:1038C0004643B5FBF6F56D1C2D052D0D0AE0551E82
:1038D000666819204643B5FBF6F56D1C2D052D0DC8
:1038E00055F4804555F40045DFF87C0003402B4338
:1038F0002068C3612068036833F0C003E0690343B4
:10390000206A03432068036020688368DFF85C0056
:10391000034020690343E068034320688360206814
:10392000C3681B0A1B02A069034360690343206844
:10393000C3602068006850F0010023681860002010
:103940002064202084F83D0000202063002084F8BB
:103950003E00002070BD0000A186010080841E0092
:1039600000093D0040420F000030FFFF007CFFFFD8
:103970002DE9FE4F05000E0017009846DDF8309047
:103980000D9CDDF838A000F027FE834695F83D0039
:10399000202840F0A180CDF800B019230122DFF8E3
:1039A0005814280000F05AFB002801D0022094E0AF
:1039B00095F83C00012801D102208EE0012085F815
:1039C0003C0028680068C00705D42868006850F0EB
:1039D0000100296808602868006830F400602968E0
:1039E0000860212085F83D00402085F83E00002039
:1039F0002864C5F824906C85688D2885DFF8F40369
:103A0000E862CDF804B0CDF800A043469BB23A007E
:103A100092B2310089B2280000F0F2F9002801D0FA
:103A200001205AE0288D002833D05A4651462800FC
:103A300000F0F0FB00280AD0286C042805D1286883
:103A4000006850F4007029680860012045E0686A49
:103A5000007829680861686A401C6862288D401EE9
:103A60002885688D401E6885286840694007D9D53B
:103A7000288D0028D6D0686A007829680861686AAD
:103A8000401C6862288D401E2885688D401E688510
:103A9000C8E75A465146280000F0ECFB00280AD03F
:103AA000286C042805D12868006850F40070296843
:103AB0000860012011E02868006850F4007029684F
:103AC0000860202085F83D00002085F83E00002099
:103AD00085F83C00002000E00220BDE8FE8F0000D9
:103AE0002DE9F24F82B0050016001F00DDF830808E
:103AF0000D9CDDF8389000F06FFD824695F83D0092
:103B0000202840F07381CDF800A019230122DFF8AE
:103B1000E812280000F0A2FA002801D0022066E195
:103B200095F83C00012801D1022060E1012085F8D0
:103B30003C0028680068C00705D42868006850F079
:103B40000100296808602868006830F4006029686E
:103B50000860222085F83D00402085F83E000020C6
:103B60002864C5F824806C85688D2885DFF8840278
:103B7000E862CDF804A0CDF800903B009BB2320083
:103B800092B2BDF80810280000F0B0F9002801D06A
:103B900001202CE1288D00280FD1002000902868FA
:103BA0004069009028688069009000982868006843
:103BB00050F40070296808603AE0288D012815D17A
:103BC0002868006830F48060296808600020009050
:103BD00028684069009028688069009000982868EB
:103BE000006850F400702968086021E0288D0228E0
:103BF00015D12868006830F480602968086028685A
:103C0000006850F40060296808600020009028686F
:103C100040690090286880690090009808E00020C2
:103C2000009028684069009028688069009000989A
:103C3000288D002800F0CF80288D042880F09980FE
:103C4000288D012816D152464946280000F044FB31
:103C5000002801D00120CAE028680069696A08705C
:103C6000686A401C6862288D401E2885688D401E49
:103C70006885DDE7288D02282DD1CDF800A04B46C0
:103C80000022DFF87811280000F0E8F9002801D0C0
:103C90000120ACE02868006850F4007029680860D2
:103CA00028680069696A0870686A401C6862288D23
:103CB000401E2885688D401E688528680069696AED
:103CC0000870686A401C6862288D401E2885688DCF
:103CD000401E6885ACE7DFF824B1CDF800A04B4664
:103CE00000225946280000F0B9F9002801D001202F
:103CF0007DE02868006830F48060296808602868E2
:103D00000069696A0870686A401C6862288D401EF4
:103D10002885688D401E6885CDF800A04B4600229E
:103D20005946280000F09AF9002801D001205EE0F1
:103D30002868006850F400702968086028680069E5
:103D4000696A0870686A401C6862288D401E288570
:103D5000688D401E688528680069696A0870686A0D
:103D6000401C6862288D401E2885688D401E68852D
:103D70005EE752464946280000F0AEFA002801D01E
:103D8000012034E028680069696A0870686A401C8C
:103D90006862288D401E2885688D401E68852868C9
:103DA000406940077FF544AF288D032805D1286876
:103DB000006830F480602968086028680069696AD2
:103DC0000870686A401C6862288D401E2885688DCE
:103DD000401E68852CE7202085F83D00002085F8EE
:103DE0003E00002085F83C00002000E00220BDE8F5
:103DF000FE8F00000000FFFF020010000400010021
:103E00002DE9F84304000D0016001F00DDF82080A6
:103E1000DDF824902068006850F480702168086004
:103E2000CDF80090434600225FF00111200000F021
:103E300015F9002808D020680068C00502D54FF4A5
:103E40000070206403204FE015F0FE002168086137
:103E50004B464246DFF87C14200000F062F900284F
:103E600001D0012040E000200090206840690090CF
:103E700020688069009000984A464146200000F082
:103E8000C9F900280AD0206C042805D120680068F0
:103E900050F4007021680860012025E0380080B2ED
:103EA000012804D13000C0B2216808611BE0300055
:103EB00080B2000AC0B2216808614A46414620002B
:103EC00000F0A8F900280AD0206C042805D1206849
:103ED000006850F4007021680860012004E03000A0
:103EE000C0B2216808610020BDE8F2832DE9FC47DB
:103EF00004000D0016001F00DDF82880DDF82C906E
:103F00002068006850F480602168086020680068BC
:103F100050F4807021680860CDF80090434600227C
:103F20005FF00111200000F099F8002808D0206807
:103F30000068C00502D54FF40070206403208BE0B8
:103F400015F0FE0021680861DFF888A34B46424661
:103F50005146200000F0E5F8002801D001207BE068
:103F600000200090206840690090206880690090DF
:103F700000984A464146200000F04CF900280AD03B
:103F8000206C042805D12068006850F40070216876
:103F90000860012060E0380080B2012804D13000C0
:103FA000C0B2216808611BE0300080B2000AC0B2D4
:103FB000216808614A464146200000F02BF900289C
:103FC0000AD0206C042805D12068006850F40070E5
:103FD0002168086001203FE03000C0B2216808611C
:103FE0004A464146200000F015F900280AD0206C0E
:103FF000042805D12068006850F40070216808602A
:10400000012029E02068006850F480702168086071
:10401000CDF80090434600225FF00111200000F02F
:104020001DF8002808D020680068C00502D54FF4AC
:104030000070206403200FE055F00100C0B2216839
:1040400008614B4642465146200000F06AF80028BD
:1040500001D0012000E00020BDE8F6872DE9F04105
:1040600005000E0017001C00DDF818803000000C61
:10407000C0B201280AD128684069304080B2B1B28C
:10408000884201D101200BE0002009E02868806906
:10409000304080B2B1B2884201D1012000E000205E
:1040A0003900C9B2884239D114F1010FDED000F0D5
:1040B00093FAB0EB0800844201D3002CD6D1300033
:1040C000000CC0B201280AD128684069304080B293
:1040D000B1B2884201D101200BE0002009E028683C
:1040E0008069304080B2B1B2884201D1012000E045
:1040F00000203900C9B28842B8D1002028632020AE
:1041000085F83D00002085F83E00286C50F0200026
:104110002864002085F83C00012000E00020BDE874
:10412000F081F8B505000E0014001F003000000CEF
:10413000C0B201280AD128684069304080B2B1B2CB
:10414000884201D101200BE0002009E02868806945
:10415000304080B2B1B2884201D1012000E000209D
:10416000002855D12868406940051AD5286800689C
:1041700050F40070296808607FF480602968486105
:1041800000202863202085F83D00002085F83E00AF
:10419000286C50F004002864002085F83C000120C1
:1041A00037E014F1010FC1D000F016FAC01B8442B1
:1041B00001D3002CBAD13000000CC0B201280AD1C2
:1041C00028684069304080B2B1B2884201D10120F4
:1041D0000BE0002009E028688069304080B2B1B26D
:1041E000884201D1012000E0002000289ED100205B
:1041F0002863202085F83D00002085F83E00286CCB
:1042000050F020002864002085F83C00012000E0E8
:104210000020F2BD70B505000C001600286840694A
:10422000000625D4280000F094F8002801D00120D1
:104230001FE014F1010FF1D000F0CEF9801B844291
:1042400001D3002CEAD1286840690006E6D400209A
:104250002863202085F83D00002085F83E00286C6A
:1042600050F020002864002085F83C00012000E088
:10427000002070BD70B505000C001600286840696C
:10428000400725D4280000F064F8002801D0012060
:104290001FE014F1010FF1D000F09EF9801B844261
:1042A00001D3002CEAD1286840694007E6D40020F9
:1042B0002863202085F83D00002085F83E00286C0A
:1042C00050F020002864002085F83C00012000E028
:1042D000002070BD0200010070B505000C00160042
:1042E00028684069400632D428684069C00612D563
:1042F0007FF010002968486100202863202085F89D
:104300003D00002085F83E00286C2864002085F8D8
:104310003C0001201CE000F05FF9801B844201D3C7
:10432000002CDDD1286840694006D9D400202863DC
:10433000202085F83D00002085F83E00286C50F0D4
:1043400020002864002085F83C00012000E00020C7
:1043500070BD010008684069400514D57FF4806095
:104360000A68506100200863202081F83D00002089
:1043700081F83E00086C50F004000864002081F8C9
:104380003C00012000E000207047000080B5284874
:104390002849016028494160002181600021C160F5
:1043A0004FF48041016100214161002181610021C0
:1043B000C16100210162FFF7E5F9002801D000F09A
:1043C00081F901BD10B586B004001421002201A8B6
:1043D00000F07AF920681749884226D10020009021
:1043E0001648016851F002010160006810F00200F7
:1043F000009000984FF4407001901220029000202D
:104400000390032004900420059001A90C4800F0BB
:104410008FF9002000900B48016851F400110160F1
:10442000006810F400100090009806B010BD000065
:104430004804002000540040801A06003038024032
:1044400000040240403802402DE9F04104000D0014
:10445000002C01D1012095E0584F386810F007007A
:10446000A84207D23D70386810F00700A84201D07A
:10447000012087E02078800716D52078400704D5F2
:104480004F48016851F4E05101602078000704D5DD
:104490004B48016851F46041016049490A6832F0B3
:1044A000F002A06802430A602078C00738D560682F
:1044B000012805D143480068800313D4012061E03E
:1044C0006068022802D06068032805D13D48006872
:1044D000800107D4012055E03A480068800701D4E4
:1044E00001204FE0DFF8D880D8F800108908890053
:1044F00060680143C8F8001000F06EF80600D8F8B4
:10450000000010F00C006168B0EB810F08D000F0E3
:1045100063F8801B41F289318842F0D3032031E0F7
:10452000386810F00700854207D23D70386810F0F7
:104530000700A84201D0012024E02078400706D5DA
:104540001F490A6832F4E052E06802430A602078AA
:10455000000707D51A48016831F46041226951EA21
:10456000C201016000F00CFA1749154A1268C2F343
:104570000312895CC840154908601548006800F0BE
:104580004DFA0020BDE8F08110480068704780B502
:10459000FFF7FAFF0F490A4A1268C2F38222895CC8
:1045A000C84002BD80B5FFF7EFFF0A49044A126810
:1045B000C2F34232895CC84002BD0000003C0240A8
:1045C0000838024000380240809F00085000002058
:1045D0004C000020D09F000801480068704700BFD1
:1045E0005008002080B500F03FFA00F015F800F008
:1045F00055FA00F0E5FA00F003FB00F044FB00F090
:1046000083FB00F0C2FB00F001FC00F06BFDFFF744
:10461000BDFE00F043FEFEE780B592B030210022DF
:1046200006A800F051F81421002201A800F04CF86F
:10463000002000902148016851F08051016000681D
:1046400010F0805000900098002000901C480168F5
:1046500051F440410160006810F44040009000981F
:10466000022006900120099010200A9002200C9050
:1046700000200D9008200E9064200F9002201090D2
:104680000420119006A800F05BFE002801D000F085
:1046900019F80F20019002200290002003904FF49F
:1046A0008050049000200590032101A8FFF7CCFE64
:1046B000002801D000F006F813B000BD40380240D9
:1046C0000070004072B6FEE762F30F2262F31F42F1
:1046D000401810F0030308D0C91A1FD3DB0748BFE6
:1046E00000F8012D28BF20F8022D130030B4144625
:1046F0001546103928BF20E93C00FAD8490728BFE1
:1047000020E90C0048BF40F8042D890028BF20F89C
:10471000022D48BF00F8012D30BC7047C91818BFE2
:1047200000F8012DCB0728BF00F8012D70470000CD
:10473000F8B50024002500260023102B80F0FC8013
:104740005FF0010C1CFA03F214000A682240150005
:10475000A54240F0EF800A7912F00302012A04D04A
:104760000A7912F00302022A22D187685FF0030E51
:104770001A00D2B252001EFA02FE37EA0E07D1F832
:104780000CE01A00D2B252001EFA02FE5EEA0707DF
:10479000876042681CFA03FC32EA0C02D1F804C0BC
:1047A000CCF3001C1CFA03FC5CEA02021600466013
:1047B0000A7912F00302032A14D0C7685FF0030CD1
:1047C0001A00D2B252001CFA02FC37EA0C07D1F8E8
:1047D00008C01A00D2B252001CFA02FC5CEA0707B9
:1047E0003E00C6600A7912F00302022A1ED11A00A6
:1047F000D20810EB8202176A5FF00F0C13F0070269
:10480000D2B292001CFA02FC37EA0C07D1F810C0B1
:1048100013F00702D2B292001CFA02FC5CEA07070E
:104820003E001A00D20810EB8202166207685FF0A1
:10483000030C1A00D2B252001CFA02FC37EA0C0731
:1048400091F804C01CF0030C1A00D2B252001CFAFA
:1048500002FC5CEA07073E0006604A6812F4403F2B
:1048600068D0002200923B4A176857F480471760CF
:10487000126812F480420092009ADFF8DCC01A003D
:1048800092085CF822705FF00F0E13F00302D2B2B0
:1048900092001EFA02FE37EA0E07304A904201D11A
:1048A000002614E02E4A904201D101260FE02D4A45
:1048B000904201D102260AE02B4A904201D1032600
:1048C00005E02A4A904201D1042600E00726F6B20C
:1048D00013F00302D2B29200964037431A009208B6
:1048E0004CF82270224E3268AA43D1F804C05FEA25
:1048F000CC2C00D52A4332601E4F3E68AE43D1F81F
:1049000004C05FEA8C2C00D52E433E601A4F3A68F3
:10491000AA43D1F804C05FEA8C3C00D52A433A6030
:10492000164F3E68AE43D1F804C05FEACC3C00D5D8
:104930002E433E605B1C00E7F1BD1300DBB2002B91
:1049400003D00B009BB2836103E00B009BB21B04FE
:10495000836170474438024008380140000002403B
:104960000004024000080240000C02400010024017
:10497000083C01400C3C0140043C0140003C01402B
:104980002DE9F04100240025002600271F4800687B
:1049900010F00C00002804D0042804D0082804D00B
:1049A00031E01B4830E01B482EE0DFF86C80D8F87F
:1049B000000010F03F000400D8F8000040020CD5C1
:1049C000D8F80000C0F388101249A1FB00012200B2
:1049D0000023FDF711F905000BE0D8F80000C0F343
:1049E00088100B49A1FB000122000023FDF704F908
:1049F0000500D8F80000C0F30140401C400006004C
:104A0000B5FBF6F000E00248BDE8F081083802404E
:104A10000024F40040787D010438024010B5040001
:104A20004FF47A700D490978B0FBF1F00C49096830
:104A3000B1FBF0F000F014FF002801D001200CE0E1
:104A4000102C09D2002221005FF0FF3000F0ECFEB4
:104A500004480460002000E0012010BD2A0100206D
:104A6000500000204C00002080B50B48016851F434
:104A700000710160016851F480610160016851F4C6
:104A800080710160032000F0C9FE0F20FFF7C6FF10
:104A900000F0FCFE002002BD003C024038B586B0AC
:104AA000142100226846FFF70FFE002005904048C1
:104AB000016851F004010160016811F004010591E1
:104AC000059900210591016851F08001016001689C
:104AD00011F080010591059900210591016851F0BF
:104AE00001010160016811F00101059105990021A2
:104AF0000591016851F002010160006810F00200A8
:104B0000059005982B4C00224FF400512000FFF730
:104B100014FF294D00224FF470412800FFF70DFFCC
:104B20004FF40050009001200190002002900020DE
:104B3000039069462000FFF7FBFD4FF440400090D2
:104B4000032001900020029069462000FFF7F0FD4D
:104B500048F2906000900320019000200290694686
:104B60001648FFF7E5FD40F23F400090032001901A
:104B70000020029069462800FFF7DAFD4FF47040EC
:104B800000900120019000200290012003906946CE
:104B90002800FFF7CDFD802000905FF48810019081
:104BA0000220029069462800FFF7C2FD07B030BD21
:104BB0003038024000080240000402400000024079
:104BC00080B5002000900D48016851F4800101601B
:104BD000006810F480000090009800220021392025
:104BE00000F022FE392000F034FE00220021452092
:104BF00000F01AFE452000F02CFE01BD30380240C6
:104C000018B587B01421002202A8FFF75DFD082126
:104C100000226846FFF758FDDFF89044DFF8900463
:104C20002060002060600020A0604FF6FF70E06010
:104C300000202061002060610020A061200000F0C1
:104C400045FE002801D0FFF73DFD072002905020CF
:104C500003900A2004900020069002A9200000F092
:104C6000E3FF002801D0FFF72DFD00200090002079
:104C700001906946200001F0B1F9002801D0FFF74A
:104C800021FD08B010BD18B587B01421002202A87C
:104C9000FFF71AFD082100226846FFF715FDDFF82F
:104CA00014445FF080402060002060600020A0601D
:104CB0005FF0FF30E060002020610020A061200054
:104CC00000F004FE002801D0FFF7FCFC0720029052
:104CD000502003900A2004900020069002A9200092
:104CE00000F0A2FF002801D0FFF7ECFC00200090AC
:104CF000002001906946200001F070F9002801D0E1
:104D0000FFF7E0FC08B010BD18B587B014210022F1
:104D100002A8FFF7D9FC082100226846FFF7D4FC5F
:104D2000DFF89443DFF894032060002060600020E7
:104D3000A0604FF6FF70E060002020610020A061BD
:104D4000200000F0C3FD002801D0FFF7BBFC0720C6
:104D50000290502003900A2004900020069002A99F
:104D6000200000F061FF002801D0FFF7ABFC00201D
:104D70000090002001906946200001F02FF90028E2
:104D800001D0FFF79FFC08B010BD18B587B0142103
:104D9000002202A8FFF798FC082100226846FFF7CE
:104DA00093FCDFF81C43DFF81C03206000206060E8
:104DB0000020A0604FF6FF70E0600020206100201E
:104DC000A061200000F082FD002801D0FFF77AFCEE
:104DD00007200290502003900A20049000200690A3
:104DE00002A9200000F020FF002801D0FFF76AFC94
:104DF00000200090002001906946200001F0EEF8AC
:104E0000002801D0FFF75EFC08B010BD18B589B0CE
:104E1000082100226846FFF757FC1C21002202A847
:104E2000FFF752FCA84CA948206044F61F60606060
:104E30000020A060FE20E060002020610020A06132
:104E4000200000F0BFFD002801D0FFF73BFC002050
:104E50000090002001906946200001F0BFF8002872
:104E600001D0FFF72FFC602002900020039000206B
:104E7000049000200690002202A9200000F056FEB7
:104E8000002801D0FFF71EFC042202A9200000F038
:104E90004DFE002801D0FFF715FC082202A92000D2
:104EA00000F044FE002801D0FFF70CFC0C2202A900
:104EB000200000F03BFE002801D0FFF703FC20009B
:104EC00000F0CBF80AB010BD10B586B00400142174
:104ED00000226846FFF7F8FB20687549884227D111
:104EE000002005907A48016851F0010101600068D6
:104EF00010F00100059005980020059075480168A4
:104F000051F001010160006810F001000590059862
:104F10004FF4807000900220019002200290002047
:104F200003900120049069466B48FFF701FC7FE085
:104F30002068B0F1804F26D10020059067480168B5
:104F400051F001010160006810F001000590059822
:104F5000002005905F48016851F001010160006880
:104F600010F001000590059820200090022001908B
:104F700002200290002003900120049069465648C8
:104F8000FFF7D6FB54E020684C49884226D1002028
:104F900005905248016851F002010160006810F06C
:104FA000020005900598002005904A48016851F0DC
:104FB00001010160006810F0010005900598402093
:104FC0000090022001900220029000200390022015
:104FD000049069464048FFF7ABFB29E02068394957
:104FE000884225D1002005903C48016851F0040119
:104FF0000160006810F004000590059800200590FD
:105000003448016851F002010160006810F00200AC
:105010000590059840200090022001900220029007
:10502000002003900220049069462D48FFF780FB82
:1050300006B010BD81B00168244A91420BD1002115
:10504000009126490A6852F008020A60096811F0C6
:1050500008010091009901B0704710B586B00400B6
:105060001421002201A8FFF72FFB2068174988426E
:1050700019D1002000901748016851F0010101602A
:10508000006810F00100009000980F2001900220AD
:10509000029000200390012004900220059001A9B5
:1050A0000D48FFF745FB06B010BD0000EC040020E2
:1050B00000000140340500207C0500200004004071
:1050C000C4050020000800400C060020000C004031
:1050D000443802403038024000000240403802406C
:1050E0000004024080B54548454901605FF4E13164
:1050F0004160002181600021C160002101610C211B
:105100004161002181610021C16100F0B3FF0028ED
:1051100001D0FFF7D7FA01BDF8B586B0040014211D
:10512000002201A8FFF7D0FA20683549884262D1F1
:10513000002000903348016851F0200101600068B0
:1051400010F0200000900098002000902E48016888
:1051500051F001010160006810F00100009000981A
:105160004FF4C050019002200290022003900320CF
:1051700004900820059001A92448FFF7D9FA244D8E
:10518000244828605FF020666E604020A860002000
:10519000E8604FF480672F61002068610020A861FB
:1051A0000020E8610020286200206862280001F0E9
:1051B0007FFB002801D0FFF785FAA563AC63164D8D
:1051C000164828606E600020A8600020E8602F610B
:1051D000002068610020A8610020E86100202862AA
:1051E00000206862280001F063FB002801D0FFF76F
:1051F00069FAE563AC6307B0F0BD00005406002017
:10520000001401404438024030380240000002409F
:1052100088030020A0640240E803002028640240C4
:1052200080B5384800F089FB374800F086FB3748E6
:1052300000F083FB364800F080FB01BD38B5354CEB
:10524000354D4FF4004000902B00002221003348E0
:1052500001F0BEFD4FF4804000902B00042221009D
:105260002F4801F0B5FD4FF4005000902B000822AC
:1052700021002C4801F0ACFD4FF4805000902B0031
:105280000C222100284801F0A3FD31BD80B5C823C0
:10529000264A2749274801F000FF01BD38B502F032
:1052A00088F9FFF7BDFFFFF7C9FFFFF7EFFF002405
:1052B0000025FFF791F9001BB0F57A7F04D3FFF7C3
:1052C0008BF9040002F0BAFB1B480078002807D0D5
:1052D0001A490878002803D00020087002F09AFAD2
:1052E00002F0B4FBFFF778F9401B0A2804D3FFF75C
:1052F00073F9050001F0CFFD02F038FB02F03FFC2E
:10530000D7E70000EC040020340500207C050020D5
:10531000C40500200C06002000040240DC0600202A
:1053200004070020540700202C070020F80100206B
:1053300054060020BC0700205C0800205D08002007
:105340002DE9F8430400002C01D10120DAE1207896
:10535000C0075FD5DFF8B003016811F00C01042924
:1053600009D0006810F00C0008280ED1DFF89C036B
:105370000068400209D5DFF898030068800349D52A
:105380006068002846D10120BCE16068B0F5803F2C
:1053900006D1DFF87C03016851F48031016018E028
:1053A0006068B0F5A02F0AD1DFF86403016851F4FA
:1053B00080210160016851F48031016009E0DFF86B
:1053C0005003016831F480310160016831F48021BB
:1053D0000160606800280ED0FFF7FEF80500DFF8D6
:1053E00030030068800315D4FFF7F6F8401B6528EA
:1053F000F5D3032086E1FFF7EFF80500DFF810038F
:105400000068800306D5FFF7E7F8401B6528F5D351
:10541000032077E1207880074CD5DFF8EC020168A3
:1054200011F00C0F08D0006810F00C00082814D1FF
:10543000B6480068400210D4B5480168890704D511
:10544000E168012901D001205CE1016831F0F80137
:10545000226951EAC20101602CE0E068002818D0FE
:105460000120AC490860FFF7B7F80500A8480168BB
:10547000890706D4FFF7B0F8401B0328F6D30320B2
:1054800040E1016831F0F801226951EAC20101608E
:1054900010E000209F490860FFF79EF805009C4837
:1054A0000068800706D5FFF797F8401B0328F6D35E
:1054B000032027E12078000724D56069002810D058
:1054C000012095490860FFF787F8050093480068B8
:1054D000800717D4FFF780F8401B0328F6D303207A
:1054E00010E100208C490860FFF776F805008B4832
:1054F0000068800706D5FFF76FF8401B0328F6D336
:105500000320FFE0207840077CD50027DFF81082D9
:10551000D8F80000C0000FD400200090D8F8000098
:1055200050F08050C8F80000D8F8000010F080500B
:105530000090009801200700DFF8E891D9F80000FA
:10554000C00513D4D9F8000050F48070C9F80000E9
:10555000FFF742F80500D9F80000C00506D4FFF7B0
:105560003BF8401B0328F6D30320CBE0A0680128BA
:1055700005D16D48016851F00101016015E0A06896
:10558000052809D16848016851F0040101600168EB
:1055900051F00101016008E06348016849084900D1
:1055A0000160016831F004010160A06800280FD09B
:1055B000FFF712F805005C480068800718D4FFF771
:1055C0000BF8401B41F289318842F4D3032099E063
:1055D000FFF702F8050054480068800708D5FEF779
:1055E000FBFF401B41F289318842F4D3032089E05C
:1055F0003800C0B2012805D1D8F8000030F0805042
:10560000C8F80000A06900287BD03F48006810F06F
:105610000C00082849D0A069022835D1DFF80C9188
:105620000020C9F80000FEF7D7FF0700DFF8E08090
:10563000D8F80000800106D5FEF7CEFFC01B032876
:10564000F4D303205EE0E169206A0143606A51EA15
:105650008011A06A4008401E51EA0041E06A51EA08
:1056600000612A4801600120C9F80000FEF7B4FF7C
:105670000500D8F80000800143D4FEF7ADFF401BC1
:105680000328F6D303203DE0002028490860FEF7F8
:10569000A3FF05001E480068800132D5FEF79CFF7D
:1056A000401B0328F6D303202CE0A069012801D178
:1056B000012027E0154800680600A06901281ED0D7
:1056C00016F48000E169884219D116F03F00216A82
:1056D000884214D147F6C0703040616AB0EB811F38
:1056E0000DD116F44030A16A4908491EB0EB014FB4
:1056F00005D116F07060E16AB0EB016F01D00120B6
:1057000000E00020BDE8F28308380240043802407F
:105710000038024000004742800E47427438024081
:10572000403802400070004070380240600047423C
:1057300010B410F00703DFF8344122684FF6FF0180
:105740000A4052EA0322DFF828110A43226010BC03
:105750007047DFF818010068C0F3022070470000AE
:10576000010049B200290AD4012210F01F018A4029
:10577000DFF8001103005BB25B0941F8232070479A
:1057800010B4020052B2002A05D40A013A4B0400B8
:1057900064B21A5508E00A01384B040064B214F0F0
:1057A0000F041B1903F8042C10BC704770B40300DD
:1057B00013F00704D4F10700052801D3042001E009
:1057C000D4F10700251D072D01D2002500E0E51EBC
:1057D000012616FA00F0401E0140A94016FA05F510
:1057E0006D1E2A401143080070BC704710B50400BC
:1057F000601EB0F1807F01D301200EE0601E2049C1
:1058000008600F215FF0FF30FFF7BAFF00201D494D
:10581000086007201C490860002010BD10B5040076
:105820002000FFF785FF10BD2DE9F04104000D00B9
:1058300016000027FFF78DFF804632002900404602
:10584000FFF7B4FF0100200040B2FFF799FFBDE869
:10585000F08110B50400200040B2FFF781FF10BDB9
:1058600010B504002000FFF7C1FF10BD0CED00E0F3
:105870000000FA0500E100E000E400E018ED00E0BF
:1058800014E000E018E000E010E000E081B000204B
:1058900000900C48016851F480410160006810F4E8
:1058A000804000900098002000900748016851F067
:1058B00080510160006810F080500090009801B0A5
:1058C000704700BF443802404038024010B5040021
:1058D000002C01D101202FE094F83D00002805D1D3
:1058E000002084F83C002000FFF7EEFA022084F844
:1058F0003D00211D206800F0C8F9012084F8460011
:10590000012084F83E00012084F83F00012084F843
:105910004000012084F84100012084F84200012069
:1059200084F84300012084F84400012084F84500F5
:10593000012084F83D00002010BD010091F83D00D9
:10594000012801D0012034E0022081F83D000868E0
:10595000DFF86030984217D00868B0F1804F13D05C
:105960000868DFF8543098420ED00868DFF84C30F1
:10597000984209D00868DFF84830984204D0086897
:10598000DFF8943198420DD10868806810F0070064
:105990000200062A0CD00868006850F001000B686D
:1059A000186005E00868006850F001000B68186096
:1059B0000020704700000140000400400008004043
:1059C000000C004010B50400002C01D101202FE094
:1059D00094F83D00002805D1002084F83C00200008
:1059E000FFF728FB022084F83D00211D206800F00D
:1059F0004CF9012084F84600012084F83E00012083
:105A000084F83F00012084F84000012084F8410020
:105A1000012084F84200012084F84300012084F82A
:105A20004400012084F84500012084F83D00002056
:105A300010BD70B505000C00002C02D195F83E0099
:105A40000BE0042C02D195F83F0006E0082C02D1AF
:105A500095F8400001E095F84100012801D00120AF
:105A600057E0002C04D1022085F83E00C0B211E0BE
:105A7000042C04D1022085F83F00C0B20AE0082CB3
:105A800004D1022085F84000C0B203E0022085F86E
:105A90004100C0B201222100286800F08DFADFF831
:105AA0007C002968814205D12968496C51F4004184
:105AB0002A6851642968814216D02868B0F1804F65
:105AC00012D02868DFF8581088420DD02868DFF817
:105AD0005410884208D02868DFF84C10884203D060
:105AE00028680D4988420DD12868806810F00700A9
:105AF0000600062E0CD02868006850F001002968C6
:105B0000086005E02868006850F001002968086016
:105B1000002070BD00000000004001400000014076
:105B20000004004000080040000C0040F8B50400EC
:105B30000D001600002794F83C00012801D1022036
:105B400071E0012084F83C003000002806D00428D1
:105B50001BD0082831D00C2846D05DE029002068F1
:105B600000F0DBF82068806950F008002168886147
:105B70002068806930F004002168886120688169AC
:105B8000286901432068816148E02900206800F00D
:105B9000F1F82068806950F400602168886120680D
:105BA000806930F480602168886120688069296993
:105BB00050EA01202168886130E02900206800F067
:105BC0000BF92068C06950F008002168C86120689E
:105BD000C06930F004002168C8612068C169286983
:105BE00001432068C16119E02900206800F024F910
:105BF0002068C06950F400602168C8612068C069ED
:105C000030F480602168C8612068C069296950EA61
:105C100001202168C86101E001200700002084F80C
:105C20003C003800C0B2F2BD38B504000D0094F855
:105C30003C00012801D1022026E0012084F83C002C
:105C4000022084F83D002900200000F019F9002806
:105C500007D0012084F83D00002084F83C0001209A
:105C600012E02068C06830F040002168C8602068F9
:105C7000C06830F480402168C860012084F83D008D
:105C8000002084F83C00002032BD10B40368DFF827
:105C9000AC42A0420BD0B0F1804F08D0A84A90424D
:105CA00005D0A84A904202D0A74A904204D133F0CE
:105CB00070031A004B681343A04214D0B0F1804F18
:105CC00011D09F4A90420ED09E4A90420BD09E4ADD
:105CD000904208D09D4A904205D09D4A904202D001
:105CE0009C4A904204D133F440731A00CB681343AA
:105CF00033F080034A6913438A68C2620A68826289
:105D0000A04201D10A690263026852F004020260F3
:105D100001224261036010BC704770B4046A026AD9
:105D20005208520002624568836933F070039B0891
:105D30009B000A68134334F002048A6814437F4EC0
:105D4000B04205D134F00804CA68144334F00404A6
:105D5000B04208D135F4807535F400754A691543B1
:105D60002A008D691543456083614A684263046275
:105D700070BC704770B4036A026A32F010020262AB
:105D80004468826932F4E04232F440720D6852EAAB
:105D9000052233F020038D6853EA0513674DA842AE
:105DA00006D133F08003CE6853EA061333F0400384
:105DB000A84209D134F4806434F400644D6954EA93
:105DC00085048D6954EA8504446082614D68856369
:105DD000036270BC7047000070B4046A026A32F457
:105DE000807202624568C36933F070039B089B00B0
:105DF0000A68134334F400748A6854EA02244F4A50
:105E0000904206D134F40064CE6854EA062434F497
:105E10008064904209D135F4805535F400554A69C3
:105E200055EA02158A6955EA02154560C3614A6858
:105E3000C263046270BC704730B4036A026A32F411
:105E4000805202624468C26932F4E04232F4407225
:105E50000D6852EA052233F400538D6853EA053386
:105E6000364DA84204D134F480444D6954EA851477
:105E70004460C2614D680564036230BC7047000035
:105E80002DE9F84304000D0000262068D0F80890A2
:105E900039F07009686850EA09095FEAD9095FEAD0
:105EA000C909286850EA09092068C0F8089068689C
:105EB00000283CD010283AD0202838D0302836D0BE
:105EC00040280CD0502826D060282AD070282FD106
:105ED0002B69AA68E968206800F063F82AE028685E
:105EE000052801D1012027E02068006A804620684B
:105EF000006A40084000216808622068806930F02C
:105F0000F000296950EA01100700206887612068C5
:105F1000C0F820800EE02A69A968206800F01CF80B
:105F200008E02A69A968206800F028F802E001E08A
:105F3000012006003000C0B2BDE8F283000001403D
:105F40000004004000080040000C004000400140F8
:105F5000004401400048014010B4046A036A5B0831
:105F60005B000362836933F0F00353EA021334F0F9
:105F70000A040C438361046210BC704710B4046AC5
:105F8000036A33F010030362836933F4704353EA06
:105F9000023334F0A00454EA01148361046210BC9B
:105FA000704710B4846834F47F440C43144354EABB
:105FB0000324846010BC704730B4012411F01F0327
:105FC0009C40036AA3430362036A11F01F0512FA9F
:105FD00005F52B43036230BC7047000030B402006B
:105FE00092F83C00012801D1022035E0012082F81E
:105FF0003C00022082F83D00106843681068846805
:1060000033F0700308680343106843601068144D50
:10601000A84213D01068B0F1804F0FD01068114D16
:10602000A8420BD01068104DA84207D010680F4D41
:10603000A84203D010680E4DA84206D134F0800467
:1060400020004C68044310688460012082F83D0001
:10605000002082F83C00002030BC704700000000A7
:10606000000001400004004000080040000C004017
:106070000040014010B50400002C01D1012035E0A2
:10608000A0690028FFD194F84100002805D1002024
:1060900084F840002000FFF73FF8242084F84100F6
:1060A0002068C06830F400502168C860200000F00B
:1060B0007BFA2068006930F490402168086120680C
:1060C000406930F02A00216848612068C06850F4B7
:1060D00000502168C86000206064202084F84100DE
:1060E000202084F8420000206063002010BD73B5BA
:1060F0000400150094F84100202843D1019800289D
:1061000003D0280080B2002801D101203BE0019893
:106110002062A584E58400206064212084F8410089
:106120001948A16BC8631948A16B08641848A16B92
:10613000C8640020A16B086501AE2B009BB22068EB
:10614000021D3168A06B00F025FC002806D010204D
:106150006064202084F84100012014E07FF04000BA
:10616000216808602068143050E8000F50F080006B
:106170000100206810F1140242E800100028F1D15B
:10618000002000E0022076BDCB6200081F630008FB
:10619000FD6300087CB505000C00160095F8420070
:1061A000202832D1002C03D0300080B2002801D149
:1061B00001202BE00120286300206863320092B2A6
:1061C0002100280000F046F90100286B012817D1B2
:1061D00000200090286800680090286840680090BF
:1061E000009828680C3050E8000F50F010000200B2
:1061F000286810F10C0343E800200028F1D101E0E9
:10620000012001000800C0B200E0022076BD10B5F8
:10621000040020680C3050E8000F30F4907001004A
:10622000206810F10C0242E800100028F1D120682B
:10623000143050E8000F400840000100206810F1C1
:10624000140242E800100028F1D1206B01280DD182
:1062500020680C3050E8000F30F01000010020687A
:1062600010F10C0242E800100028F1D120684069CA
:10627000400621D52068143050E8000F30F040006F
:106280000100206810F1140242E800100028F1D14A
:10629000E06B002810D00020E16B0865E06B00F097
:1062A000BFFB002808D0E06B00F00CFD202803D1D4
:1062B00010206064032007E00020E085202084F89F
:1062C000420000202063002010BD38B50400A56BFB
:1062D00020680068C0051ED40020E88428681430B7
:1062E00050E8000F30F080000100286810F114021F
:1062F00042E800100028F1D128680C3050E8000F67
:1063000050F040000100286810F10C0242E8001033
:106310000028F1D102E0280000F038FF31BD38B587
:106320000400A56B280001F0B3FC31BD38B50400B2
:10633000A56B20680068C0053FD40020E885286868
:106340000C3050E8000F30F480700100286810F124
:106350000C0242E800100028F1D12868143050E8FF
:10636000000F400840000100286810F1140242E8C4
:1063700000100028F1D12868143050E8000F30F0E8
:1063800040000100286810F1140242E800100028C3
:10639000F1D1202085F84200286B01280DD1286812
:1063A0000C3050E8000F30F010000100286810F1A8
:1063B0000C0242E800100028F1D100206863286B2D
:1063C000012804D1A98D280000F083FE02E02800F6
:1063D00001F05FFC31BD38B50400A56B0120686396
:1063E000286B012806D1A98D490889B2280000F040
:1063F00070FE02E0280001F04DFC31BDF8B506004A
:106400000020B76B39684C69E40914F0010497F86F
:106410004110212906D1002C04D00020F884380036
:1064200000F07CF838684569AD0915F0010597F86A
:106430004200222806D1002D04D00020F885380023
:1064400000F07EF8786C50F010007864380000F0AE
:1064500082FEF1BD73B5040015000198A062A58508
:1064600000206064222084F84200DFF82C04E16BF5
:10647000C863DFF82804E16B0864DFF82404E16BEB
:10648000C8640020E16B086501AE2B009BB2326846
:106490002068011DE06B00F07DFA002806D0102076
:1064A0006064202084F84200012036E00020009043
:1064B000206800680090206840680090009820697B
:1064C00000280DD020680C3050E8000F50F4807088
:1064D0000100206810F10C0242E800100028F1D100
:1064E0002068143050E8000F50F0010001002068CF
:1064F00010F1140242E800100028F1D12068143095
:1065000050E8000F50F040000100206810F1140224
:1065100042E800100028F1D1002076BD01680C315E
:1065200051E8001F31F0C0010A00016811F10C03AD
:1065300043E800210029F1D1202180F84110704763
:1065400001680C3151E8001F31F490710A000168B4
:1065500011F10C0343E800210029F1D10168143145
:1065600051E8001F490849000A00016811F11403AD
:1065700043E800210029F1D1016B01290DD1016807
:106580000C3151E8001F31F010010A00016811F1CF
:106590000C0343E800210029F1D1202180F84210AA
:1065A00000210163704700002DE9F84F84B0050019
:1065B0002868016931F44051E868014328680161A5
:1065C000A9682869014368690143E86901430391A7
:1065D0002868C168B3480140039801432868C16036
:1065E0002868416931F44071A86901432868416114
:1065F0002868AD49884203D02868AC49884203D155
:10660000FDF7D0FF040002E0FDF7C1FF0400E869D8
:10661000B0F5004F40F09F807FF0630A5FF0020802
:106620005FF000091926002722000023A6FB0201C3
:1066300006FB031107FB0211CDE900016868002188
:10664000A8FB002308FB013309FB0033DDE900014F
:10665000FBF7D2FA6421B0FBF1F000902200002396
:10666000A6FB020106FB031107FB0211CDE90101A4
:1066700068680021A8FB002308FB013309FB0033F5
:10668000DDE90101FBF7B8FA834622000023A6FBEF
:10669000020106FB031107FB0211CDE90101686845
:1066A0000021A8FB002308FB013309FB0033DDE9CF
:1066B0000101FBF7A1FA6421B0FBF1F00AFB00B085
:1066C000C00032306421B0FBF1F0400010F4F870EB
:1066D000009910EB0110009022000023A6FB02019C
:1066E00006FB031107FB0211CDE9010168680021D7
:1066F000A8FB002308FB013309FB0033DDE901019E
:10670000FBF77AFA834622000023A6FB020106FB70
:10671000031107FB021106000F0068680021A8FBA7
:10672000002308FB013309FB003330003900FBF77D
:1067300063FA6421B0FBF1F00AFB00BA5FEACA0019
:1067400032306421B0FBF1F111F007010098091813
:10675000286881609CE05FF004085FF000097FF02A
:10676000630A1926002722000023A6FB020106FB6C
:10677000031107FB0211CDE9000168680021A8FBA5
:10678000002308FB013309FB0033DDE90001FBF7BF
:1067900033FA6421B0FBF1F0009022000023A6FB45
:1067A000020106FB031107FB0211CDE90101686834
:1067B0000021A8FB002308FB013309FB0033DDE9BE
:1067C0000101FBF719FA834622000023A6FB020110
:1067D00006FB031107FB0211CDE9010168680021E6
:1067E000A8FB002308FB013309FB0033DDE90101AD
:1067F000FBF702FA6421B0FBF1F00AFB00B00001E4
:1068000032306421B0FBF1F010F0F000009910EB91
:106810000110009022000023A6FB020106FB0311D9
:1068200007FB0211CDE9010168680021A8FB0023E4
:1068300008FB013309FB0033DDE90101FBF7DCF95B
:10684000834622000023A6FB020106FB031107FB7F
:10685000021106000F0068680021A8FB002308FB56
:10686000013309FB003330003900FBF7C5F964211F
:10687000B0FBF1F00AFB00BA5FEA0A103230642183
:10688000B0FBF1F111F00F01009809182868816040
:1068900005B0BDE8F08F00002D630008D763000845
:1068A000FD630008F369FFFF001001400014014080
:1068B00070B504000026FDF78FFE0500002C01D105
:1068C000012066E0606A0028022084F8350000207C
:1068D00084F834002068006840084000216808609F
:1068E00020680068C0070BD5FDF776FE401B062820
:1068F000F6D320206065032084F83500032048E0AB
:1069000020680168DFF82004014060680143A06846
:106910000143E06801432069014360690143A069C4
:106920000143E0690143206A0143606A042804D1FD
:10693000E06A01430800216B014320680160206880
:106940004669F608F600606A0643606A042810D1BA
:10695000A06A0643E06A00280BD0200000F0EAF9A4
:10696000002806D040206065012084F83500012011
:106970000FE020684661200000F0BDF901003F22D1
:10698000E06D82408A6000206065012084F8350057
:10699000002070BD2DE9F84304000D0016001F0013
:1069A0005FF00008D4F8589094F83400012801D121
:1069B000022033E0012084F8340094F835000128E7
:1069C00025D1022084F83500002060653B003200AC
:1069D0002900200000F078F93F21E06D8140C9F8DE
:1069E00008102068006850F0160021680860206CCC
:1069F000002805D02068006850F008002168086071
:106A00002068006850F001002168086004E0002060
:106A100084F83400022080464046C0B2BDE8F283CC
:106A200070B50400A56DFDF7D7FD060094F835009C
:106A3000022806D080206065002084F83400012000
:106A40003BE02068006830F016002168086020688C
:106A5000406930F0800021684861206C002802D134
:106A6000A06C002805D02068006830F0080021687C
:106A700008602068006840084000216808602068BD
:106A80000068C0070ED5FDF7A7FD801B0628F6D3CA
:106A900020206065032084F83500002084F834004D
:106AA00003200AE03F21E06D8140A960012084F8C5
:106AB0003500002084F83400002070BDF8B50400D3
:106AC00000200090DFF8640200684FF41651B0FB1C
:106AD000F1F6A76D3D680821E06D11FA00F005425E
:106AE00010D02068006840070CD52068006830F09E
:106AF000040022681060E06D8140B960606D50F064
:106B000001006065E06D2900C140C8070BD5206811
:106B10004069000607D50121E06D8140B960606DD4
:106B200050F0020060650421E06D11FA00F00542AA
:106B30000AD020680068800706D5E06D8140B96002
:106B4000606D50F0040060651021E06D11FA00F0F6
:106B500005422CD020680068000728D5E06D8140F0
:106B6000B96020680068400311D520680068000300
:106B700006D4206C00281AD02000216C884716E02B
:106B8000A06C002813D02000A16C88470FE020687B
:106B90000068C00505D42068006830F0080021684E
:106BA0000860206C002802D02000216C884720213A
:106BB000E06D11FA00F005425FD020680068C00661
:106BC0005BD5E06D8140B96094F83500052828D187
:106BD0002068006830F0160021680860206840696D
:106BE00030F0800021684861206C002802D1A06C40
:106BF000002805D02068006830F00800216808608F
:106C00003F21E06D8140B960012084F8350000200B
:106C100084F83400206D002802D02000216D8847C0
:106C20004FE020680068400311D520680068000329
:106C300006D4606C002820D02000616C88471CE0DE
:106C4000E06B002819D02000E16B884715E0206830
:106C50000068C0050BD42068006830F0100021687F
:106C60000860012084F83500002084F83400E06BCF
:106C7000002802D02000E16B8847606D002820D0FA
:106C8000606DC00717D5052084F8350020680068BE
:106C900040084000216808600098401C009086422F
:106CA00003D320680068C007F6D4012084F83500BB
:106CB000002084F83400E06C002802D02000E16C51
:106CC0008847F1BD406D704730B40468246834F4DF
:106CD000802405682C60046863608468402C04D1BB
:106CE0000468A2600468E16003E00468A1600468CD
:106CF000E26030BC7047017801F0FF0110391822C2
:106D0000B1FBF2F10A4A525CC265042905D302685C
:106D1000920A9202121D826503E00268920A9202B0
:106D20008265806D704700003F8010F050000020A9
:106D3000C89F000810B402000020936A91690029DE
:106D400016D1002B05D0022B03D008D3032B0DD076
:106D50000DE0D16AC90101D50121080035E0D16AF1
:106D6000B1F1C07F01D1012108002EE02DE02CE01F
:106D70009169B1F5005F18D1002B05D0022B03D02B
:106D800005D3032B09D00FE0012108001DE0D16AD3
:106D9000C90101D50121080017E0D16AB1F1C07F16
:106DA00001D10121080010E00FE01900002902299B
:106DB00002D9C91E03D008E00121080005E0D16A0C
:106DC000C90101D501210800FFE7C0B210BC70471E
:106DD0002DE9F04105000E0017009846069C2E6034
:106DE0006F606868002806D0042809D008280CD0F5
:106DF0000C280FD013E0286800683430686211E076
:106E000028680068383068620CE0286800683C3008
:106E1000686207E0286800684030686202E000208D
:106E20006862FEE728680068C06A286269682868A6
:106E3000FEF7FFFD280000F02AF8220092B241463A
:106E400015F1080000F027FFBDE8F08170B50400DF
:106E50000D001600206A290089B2884215D330003F
:106E6000C0B2002804D114F1080000F021FF07E0AF
:106E70003000C0B2012803D114F1080000F01DFF5A
:106E8000280080B2616A086000E0FEE770BD002162
:106E9000426A1160704710B57B48764C94ED030A46
:106EA000D4ED020A30EE600AD0ED000A94ED021A29
:106EB00000EE201A84ED021A744994ED030AD4ED11
:106EC000020A30EE600AB0EEC00AD1ED000AB4EE5C
:106ED000600AF1EE10FA01D5E268A26094ED0B0AA7
:106EE000D4ED0A0A30EE600AD0ED000A94ED0A1AD9
:106EF00000EE201A84ED0A1A94ED0B0AD4ED0A0A6A
:106F000030EE600AB0EEC00AD1ED000AB4EE600ABD
:106F1000F1EE10FA01D5E26AA26294ED070AD4ED0F
:106F2000060A30EE600AD0ED000A94ED061A00EE73
:106F3000201A84ED061A94ED070AD4ED060A30EE05
:106F4000600AB0EEC00AD1ED000AB4EE600AF1EEBC
:106F500010FA01D5E269A26194ED0F0AD4ED0E0A90
:106F600030EE600AD0ED000A94ED0E1A00EE201A01
:106F700084ED0E1A94ED0F0AD4ED0E0A30EE600A7D
:106F8000B0EEC00AD1ED000AB4EE600AF1EE10FADC
:106F900001D5E06BA06394ED020AB5EE400AF1EE74
:106FA00010FA01DB012000E00020207194ED0A0AB4
:106FB000B5EE400AF1EE10FA01DB012000E00020FE
:106FC00084F8240094ED060AB5EE400AF1EE10FABA
:106FD00001DB012000E00020207594ED0E0AB5EEE3
:106FE000400AF1EE10FA01DB012000E0002084F8F5
:106FF0003400A06830F0004000EE100A2279BDEEA7
:10700000C00A10EE100A010089B21B48FFF71EFFEC
:10701000A06930F0004000EE100A227DBDEEC00AEB
:1070200010EE100A010089B21448FFF70FFFA06AA2
:1070300030F0004000EE100A94F82420BDEEC00AA3
:1070400010EE100A010089B20D48FFF7FFFEA06B99
:1070500030F0004000EE100A94F83420BDEEC00A73
:1070600010EE100A010089B20648FFF7EFFE10BDCE
:107070000000000008000020DC06002004070020BB
:107080002C070020540700200000002004000020EE
:1070900080B5424800F015FE01BDF8B504000D00B2
:1070A00016001F0025606660278101203C4981F899
:1070B000C800228961682068FFF76CF82068C06BFF
:1070C0000068006830F008002168C96B0968086032
:1070D000F1BD2DE9F04704000D00206831498842D8
:1070E00037D12F4E96F8C800012832D1280080B23F
:1070F000C82805D200202C492A0092B2885406E004
:10710000C7200500002028492A0092B288542F0089
:10711000BFB27F1CDFF89080C146B2463A004946B4
:107120005046FAF76DF8002086F8C80001201F4984
:1071300048702000FFF76BF8C82241462000FFF797
:1071400029F8E06B0068006830F00800E16B09681E
:107150000860BDE8F08710B5040020681149884236
:1071600013D12000FFF753F8C8220F492000FFF782
:1071700011F8E06B0068006830F00800E16B096806
:1071800008600120064981F8C80010BD0168054A61
:10719000914202D10121054A91707047BC0700203D
:1071A0002C01002000140140F801002008000020FC
:1071B00080B56821DFF8040800F08AFDDFF80008D8
:1071C00001F03EFADFF8FC0701F044FA01BD1FB5FB
:1071D000040001208DF808009DF8083007226B217B
:1071E000207801F0FFFA642001F0ECFB07208DF815
:1071F00008009DF808000090032302226A212078ED
:1072000001F01AFB642001F0DDFB01208DF808007D
:1072100002AB01226B21207801F054FB00208DF895
:10722000080002AB01223821207801F04BFB00203E
:107230008DF8080002AB01222321207801F042FBE7
:1072400000208DF8080002AB01221C21207801F0FB
:1072500039FB80208DF8080002AB0122372120780D
:1072600001F030FB01208DF8080002AB01226B21F8
:10727000207801F027FB04208DF8080002AB0122E2
:107280001921207801F01EFB01208DF8080002ABC7
:1072900001221A21207801F015FB01200190002025
:1072A0000090002340F6F632DFF81C17200000F0B3
:1072B0001FFF002801D1012032E04FF48060ADF8BB
:1072C0000A000DF10A0301227021207801F027FB4A
:1072D00018208DF8080002AB01221B21207801F054
:1072E000F1FAC0208DF8080002AB01226A21207853
:1072F00001F0E8FA02208DF8080002AB01223821E3
:10730000207801F0DFFA012302226A21207801F0BF
:1073100069FA0021200000F0E8FD1C20A082002076
:1073200004B010BD10B40300002A01D11869020096
:107330001078547854EA00240C801079547954EA77
:1073400000244C80107A547A54EA00248C80107BFC
:10735000547B54EA0024CC80002010BC704700000D
:107360007CB504000D001600320069462000FFF7CE
:10737000D9FF01000800C0B2002831D1BDF90000DA
:1073800000EE100AB8EEC00ADFED230A80EE200AF4
:1073900085ED000ABDF9020000EE100AB8EEC00A41
:1073A000DFED1D0A80EE200A85ED010ABDF904001B
:1073B00000EE100AB8EEC00ADFED170A80EE200AD0
:1073C00085ED020ABDF9060000EE100AB8EEC00A0B
:1073D000DFED110A80EE200A85ED030A002001E0AE
:1073E0000800C0B276BD10B40300002A01D11869AC
:1073F0000200907DD47D54EA00240C80107E547EDF
:1074000054EA00244C80907ED47E54EA00248C8080
:10741000002010BC70470000000080460300B0EE62
:10742000000AD2ED010A92ED031A60EE810A92ED94
:10743000001AD2ED021A41EE610A60EE800AC1ED37
:10744000000AD2ED000A92ED011A60EE810A92ED77
:10745000021AD2ED031A41EE210A20EE800A81EDD4
:10746000010A92ED000AD2ED000A20EE200AD2EDC8
:10747000010A92ED011A00EEC10AD2ED020A92ED64
:10748000021A00EEC10AD2ED030A92ED031A00EED1
:10749000810A81ED020A002070470000F8B52DED49
:1074A000088B04000D0016001F00B0EE000AD6ED98
:1074B000000A60EE800A96ED001A60EE810A96EDF1
:1074C000011A21EE001AD6ED011A41EE210ABFEE93
:1074D000001A30EE818AD6ED010A60EE800A96ED40
:1074E000021A60EE818AD6ED000A20EE800AD6EDFF
:1074F000030A40EE608AF0EE480AB0EE680A01F036
:1075000075FA85ED000A97ED010AD7ED010A20EE24
:10751000209A97ED020AD7ED020A00EE209AB0EE0B
:10752000490A01F099FAF0EE409A97ED00AAF0EEC0
:10753000690AB0EE4A0A01F059FA85ED010AD7ED61
:1075400002AA97ED01BAF0EE6A0AB0EE4B0A01F01A
:107550004DFA85ED020A97ED020AB5EE400AF1EE0A
:1075600010FA17D595ED010AB5EE400AF1EE10FAC2
:1075700008DD9FED200AD5ED010A30EE600A85EDA9
:10758000010A07E09FEDA20AD5ED010A30EE600A7C
:1075900085ED010A0020BDEC088BF2BD38B5040072
:1075A0000D00A28AD2B22900200000F016FCC0B261
:1075B00032BD10B5DFF80444200000F08BFB200042
:1075C00000F09BFB002814D02000FFF700FE0028ED
:1075D0000FD10621200000F0FFFD0621200000F061
:1075E0009FFD0121200000F080FC0120DFF8E01366
:1075F000087010BDF90F49402DE9F84F2DED048BAF
:1076000086B0B0EE408ADFF8CC030068406A05908F
:10761000DFF8C4030068406A0490DFF8C003006824
:10762000406A0390DFF8B8030068406A0290059C46
:10763000DFF8B0030068241ADFF8ACB3049DDBF870
:1076400000002D1ADFF8A4A3029EDAF80000361A13
:10765000DFF89C93039FD9F800003F1A48F201001D
:10766000844204DB04F17F4414F57F0404E014F544
:10767000004F01DA14F58034854204DB05F17F45C3
:1076800015F57F0504E015F5004F01DA15F5803595
:10769000864204DB06F17F4616F57F0604E016F508
:1076A000004F01DA16F58036874204DB07F17F4789
:1076B00017F57F0704E017F5004F01DA17F580375B
:1076C000DFF8308398F80400002800D1644298F86D
:1076D0001400002800D16D4298F82400002800D141
:1076E000764298F83400002800D17F429FED9D9BA0
:1076F0002000F9F7FFFE53EC192BFAF781F9CDE9D9
:10770000000118EE100A01F0B7F902000B00DDE9E4
:107710000001FAF731F8FBF757FCC8F81000300009
:10772000F9F7E8FE53EC192BFAF76AF9CDE90001F5
:1077300018EE100A01F0A0F902000B00DDE90001CB
:10774000FAF71AF8FBF740FCC8F830002800F9F700
:10775000D1FE53EC192BFAF753F9CDE9000118EEDD
:10776000100A01F089F902000B00DDE90001FAF7C7
:1077700003F8FBF729FCC8F820003800F9F7BAFE37
:1077800053EC192BFAF73CF9CDE9000118EE100A79
:1077900001F072F902000B00DDE90001F9F7ECFFDE
:1077A000FBF712FCC8F8400098ED040AD8ED0C0A6B
:1077B00098ED081AD8ED101A30EE012A32EE202A80
:1077C00032EE212AF1EE002A82EE222A8A4880ED4A
:1077D000002A31EE402A32EE202A32EE612AF1EE02
:1077E000002A82EE222A854880ED002A05987D49EC
:1077F00008600498CBF800000298CAF800000398CB
:10780000C9F8000006B0BDEC048BBDE8F18F0000A4
:10781000F90F49C02DE9F041684C794D290020004D
:10782000FFF7BCFE002837D0654E2A00310020004B
:10783000FFF796FD634F320039002000FFF7EEFDA1
:10784000DFF8C0813B00320041462000FFF726FEF2
:107850006D4E2A0031002000FFF7C5FD6B48D8F8B7
:107860000010016090ED000ADFED510A20EE200AC1
:10787000674880ED000AB6F9040000EE100AB8EE81
:10788000C00ADFED4C0A80EE200ADFED4B0A20EE45
:10789000200A604880ED000ABDE8F0812DE9F84338
:1078A0002DED028BB0EE408A5B4C534890ED000A00
:1078B00020EE080A84ED000A584D504890ED000A69
:1078C00020EE080A85ED000A554E504F97ED000A4C
:1078D00001F0DCF9D4ED000A20EE200A86ED000A62
:1078E000DFF8408197ED000A01F0D2F9D5ED000AEA
:1078F00020EE200A88ED000ADFF82C9197ED000AAF
:1079000001F0C6F9D4ED000A20EE200A89ED000A44
:10791000464C97ED000A01F0B9F9D5ED000A20EECA
:10792000200A84ED000A424896ED000AD8ED000ACC
:1079300030EE600AD0ED000A30EE200A80ED000A39
:107940003C4899ED000AD4ED000A30EE200AD0ED53
:10795000000A30EE200A80ED000ABDEC028BBDE883
:10796000F1830000333333334F4D733F10B52DEDAA
:10797000028BFCF731FE04002F480168611A64296C
:1079800012D30168611A00EE101AB8EE400ADFED5A
:107990000F0A80EE208A0460B0EE480AFFF72CFE42
:1079A000B0EE480AFFF77AFFBDEC028B10BD000075
:1079B000E02E65423333834135FA8E3C7C0700204C
:1079C00094070020A4070020F48F000800007A44E8
:1079D0005C080020EC040020340500207C05002019
:1079E000C40500201C0800201008002014080020F6
:1079F0001808002008000020E8070020EC070020FD
:107A00009C060020B0070020C8070020E0070020E7
:107A1000E4070020F0070020F4070020F80700200A
:107A2000FC070020000800200408002008080020AF
:107A3000D8070020DC0700200C080020024801685D
:107A400091F4005101607047140802402DE9F84399
:107A5000744C94F8C800002840F08F80724D734E2B
:107A6000734F009733002A007249200001F012F989
:107A7000032840F07F80FCF7AFFD6F49086095ED6B
:107A8000000ADFED640AB4EE600AF1EE10FA01DBE1
:107A90006A48286096ED000AB0EEC00ADFED5E0A83
:107AA000B4EE600AF1EE10FA0BDB96ED000AB5EECB
:107AB000400AF1EE10FA02DD6148306001E06148F1
:107AC0003060DFF8848197ED000A01F0DFF8D5ED32
:107AD000000A20EE200A88ED000ADFF8709197ED89
:107AE000000A01F0D5F8D5ED000A20EE200A89ED54
:107AF000000A57489FED490AD8ED000A99ED001A8F
:107B000070EEC10A96ED001A41EE000AC0ED000ABF
:107B10005049DFED430A98ED001AD9ED001A31EE15
:107B2000211AD6ED001A01EEA01A81ED001A4A4A78
:107B300098ED001AD9ED001A31EE211AD6ED001A8F
:107B400001EE801A82ED001A444B98ED000A99ED7F
:107B5000001A30EE410A96ED001A01EE200A83ED7C
:107B6000000A3F4D0068E8601068E8620868E86154
:107B70001868E863012084F8C800BDE8F18370B597
:107B80008CB0FCF729FD374D2968401A32283ED3C6
:107B9000334CA07800283AD0FCF71EFD2860324D07
:107BA000324E3348006800F067FFCDE90A013148E2
:107BB000006800F061FFCDE908012F48006800F07F
:107BC0005BFFCDE906012D48006800F055FFCDE9C7
:107BD00004012B48006800F04FFFCDE9020129485D
:107BE000006800F049FFCDE90001274AC8213000B4
:107BF00001F064F828602868012808DB0020A070E4
:107C00002868020092B231002048FEF770FA0CB0EA
:107C100070BD00000100F0413433333F986E12BE56
:107C2000986E123E2C010020280800202C0800200D
:107C300030080020B09F0008200800200000F0411C
:107C40003333333F333333BF340800203808002048
:107C50003C0800204008002044080020480800207C
:107C600008000020240800204C080020C00200204A
:107C7000F0070020EC070020E8070020E0070020C4
:107C8000DC070020D8070020B49E0008540600201E
:107C900070477047704711F11803036011F1140326
:107CA000436011F11003836013009BB2C3607047FF
:107CB000C1680904026811607047C16802681160F8
:107CC000704700210160002141600021018170475F
:107CD0000170704710B504000121200000F047F842
:107CE0000021200000F015F80021200000F01EF80F
:107CF0000021200000F030F810BD10B50400200075
:107D000000F0E3F8342801D1012000E00020C0B2E7
:107D100010BD38B504000D002800C0B20090022349
:107D200004221B21207800F087FD31BD38B5040006
:107D30000D002800C0B20090022304221C212078EC
:107D400000F07AFD31BD10B50400012302226A2142
:107D5000207800F047FD10BD38B504000D002B0061
:107D6000DBB206226B21207800F03CFD31BD38B536
:107D700004000D002800C0B20090032302226B21F2
:107D8000207800F059FD31BD1CB50400DFF88C03EC
:107D900000880090631C02227221207800F0A6FC6B
:107DA0006178A07850EA012080B216BD7CB504004D
:107DB0000D0016003000C0B200280BD0DFF85C03C5
:107DC000008800902B003200D2B27421207800F09D
:107DD0008DFC01E00020287073BD2DE9F84388B0C8
:107DE00004000D001600FCF7F7FB80462000FFF7AB
:107DF000CBFF07003000C0B2390000B209B28842A0
:107E00003CDA380000B2C92813DB2000FFF79BFFE3
:107E1000002007002000FFF7B7FF0700380000B27E
:107E200000282BD1FCF7D8FBB0EB08000C2825D29A
:107E3000F0E72000FFF7A8FF07003000C0B23900CC
:107E400000B209B2884219DA3000C0B23F1A3800D5
:107E500000B20028EDD0380000B2202803DAB9467D
:107E60001FFA89F901E05FF020094A46D2B269465B
:107E70002000FFF79BFFB7EB0907E8E7380000B2E7
:107E8000002805D1DFF8C80300F03AFF002019E010
:107E9000FCF7A2FBB0EB08000C2805D3DFF8D003F9
:107EA00000F02EFF00200DE038003100C9B200B212
:107EB00009B288429AD13200D2B229002000FFF7DD
:107EC00075FF012009B0BDE8F0831CB50400DFF8A0
:107ED0004C0200880190601C009006230622752148
:107EE000207800F0BFFB607816BD38B504000D00A7
:107EF0002B00DBB207226A21207800F073FC31BD31
:107F000010B50400012303226A21207800F06AFCE6
:107F100010BDF8B504000D0016001F0015F01F0578
:107F20003800C0B2002801D055F020053000C0B2A2
:107F3000002801D055F040052A00D2B26D212078EA
:107F400000F0B4FCF1BD38B504000D002A00D2B237
:107F50006E21207800F0AAFC31BD2DE9F74F060014
:107F60001F000C9D002300223900C9B23000FFF72A
:107F7000D0FF2900C9B23000FFF7E5FF00245FF011
:107F8000000B9DF83400002803D0102000F0CCFE38
:107F900004009DF83800002803D0102000F0C4FE33
:107FA00083465FF000094846BDF8081080B2884259
:107FB00080F08D8010208046BDF808004146C9B28F
:107FC00011FA89F1884204DABDF80800B0EB090023
:107FD00080462800C0B2D0F580704146C9B28842C0
:107FE00001DA684280469DF83800002815D000204C
:107FF000824650464146C0B2C9B2884212D2019868
:10800000494689B240185146C9B2405C5146C9B28E
:108010000BF801001AF1010AEBE70198494689B211
:10802000401883465B464246D2B26F21307800F05A
:1080300049FC9DF8340000282CD0002C2AD00023C5
:1080400000223900C9B23000FFF763FF2900C9B22E
:108050003000FFF778FFDFF8B005008800902300BC
:108060004246D2B26F21307800F040FB4246D2B295
:108070002100584600F0F6FE00280BD0200000F04A
:1080800025FF9DF83800002802D0584600F01EFF5A
:1080900000202BE059FA88F918EB05054846BDF891
:1080A000081080B28842BFF47EAF2800C0B200281A
:1080B00000D17F1C002300223900C9B23000FFF735
:1080C00028FF2900C9B23000FFF73DFF6BE79DF89C
:1080D0003400002802D0200000F0F8FE9DF838009F
:1080E000002802D0584600F0F1FE0120BDE8FE8FC6
:1080F000FEB504000D0016001F00012002909DF83F
:10810000240001909DF8200000903B00DBB232007B
:1081100092B229002000FFF720FFFEBD28010020B9
:1081200038B52DED088B04000D009FED4A8B9FEDB7
:108130004B9B9FED4C2AF3EE041AB1EE041AF7EEB6
:10814000000A2800C0B200EE100AB8EE400A00F0A3
:10815000BFFEDFED450A30EEC00A10EE100A00F057
:108160008BFCDFF8A024DFF8CC34F9F749FCFAF7F0
:108170002BFF0BEE100A1BEE100A00F07DFC53ECF7
:10818000182BF9F73DFC41EC1A0B1BEE100A00F01E
:1081900073FC53EC192BF9F733FC41EC190B2A0053
:1081A000D2B2150051EC190BFAF70EFF00EE900A4F
:1081B0002A00B0EE608A150051EC1A0BFAF704FFA2
:1081C00000EE100A2A00F0EE480A4321200000F0D9
:1081D00051F8BDEC088B31BD38B52DED048B040092
:1081E0000D009FED228AF3EE041AF0EE618A9FEDF6
:1081F0001D2AB1EE041AF7EE000A2800C0B200EE04
:10820000100AB8EE400A00F063FEDFED170A30EE08
:10821000C00A10EE100A00F02FFCDFF8E823DFF8A8
:108220001434F9F7EDFBFAF7CFFE09EE100A28EE49
:10823000098A68EE898A2A00D2B2F0EE680AB0EEA6
:10824000480A3B21200000F015F8BDEC048B31BD3D
:10825000709F0008333333333333D33F00000000C3
:1082600000805640000000000000C8429A99993EE4
:108270002C9F00082DE9F74F2DED088B8AB0F0EE0A
:10828000408AB0EE608A9DF84C003B280AD11298D3
:10829000FFF71BFE382802DA5FF0060904E05FF002
:1082A000770901E05FF013094846C0B2772803D18F
:1082B00003208DF80A0002E002208DF80A00002554
:1082C000032D39DADFF840030088009002AB012269
:1082D0009DF80A0000FB05F050FA89F00100C9B2D0
:1082E0001298007800F030FABDF9080000EE100A8C
:1082F000B8EEC00AB0EE40AA4846C0B2132810D06B
:10830000BDF8080010F0010007A921F81500B2EE31
:10831000000A2AEE000A04A810EB850080ED000A8E
:1083200008E0B1EE000A2AEE000A04A810EB85006E
:1083300080ED000A6D1CC3E7DFF8D00200F0E0FC1E
:108340000020039003989DF85010884280F24E81DF
:10835000002080460025642D80F2E2800020040089
:108360000026032E80F2AC80A7480088009002AB64
:1083700001229DF84C00710051FA80F00100C9B251
:108380001298007800F0E0F9BDF9080000EE100A3C
:10839000B8EEC00AB0EE40AA9DF84C003B280DD1C3
:1083A000022E0BD11AEE100A00F066FB0022984B49
:1083B000F9F7B2F8FAF708FE0AEE100AB1EE4A0A27
:1083C000F0EE40AAB0EE4A9A19EE100A30F00040E2
:1083D00000EE100A00EE904AF8EE600A30EE800AD5
:1083E000BCEEC00A10EE104A28EEAA0AB0EE40BA5F
:1083F00004AF57F8260000F03FFBCDE900011AEE6C
:10840000900A00F039FB834A834BF9F7F9FA824668
:108410008B4618EE100A00F02FFB52465B46F9F728
:10842000EFFADDE90023F9F777F8FAF7CDFD47F821
:1084300026004846C0B213281ED017EB860090EDE8
:10844000000A3BEE000AF2EE000A80EE209AB0EE3F
:10845000490A00F04BFDBDEEC00A10EE100AADF85F
:108460000800BDF8081031F0010107A830F8160027
:108470000143ADF8081013E017EB860090ED000AF9
:108480003BEE000AF1EE000A80EE209AB0EE490AB7
:1084900000F02CFDBDEEC00A10EE100AADF8080089
:1084A00002AB01229DF80A0000FB06F050FA89F0A9
:1084B0000100C9B21298007800F031FA761C50E73A
:1084C000632D09D140F2E930844205D30020050034
:1084D0002100524800F014FC9DF84C003B2802D1CA
:1084E0009FED4F9B01E09FED509B2000F9F77AFA3A
:1084F00053EC192BF9F784FA00224D4BF8F70CFFD7
:1085000001D218F10108642C05D20B2D03DB404683
:1085100000B20A2804DA012000F054FA6D1C1AE7B0
:108520009FED459B18EE900A00F0A6FA53EC192B2C
:10853000F9F766FAFAF748FD08EE900A18EE100A05
:1085400000F09AFA53EC192BF9F75AFAFAF73CFDB6
:1085500008EE100A0025032D44DA4846C0B213285D
:108560001DD004A810EB850090ED000AF2EE000A81
:1085700080EE209AB0EE490A00F0B8FCBDEEC00AC9
:1085800010EE100AADF80800BDF8081031F0010136
:1085900007A830F815000143ADF8081012E004A850
:1085A00010EB850090ED000AF1EE000A80EE209AB3
:1085B000B0EE490A00F09AFCBDEEC00A10EE100AB7
:1085C000ADF8080002AB01229DF80A0000FB05F09F
:1085D00050FA89F00100C9B21298007800F09FF9B2
:1085E0006D1CB8E70398401C0390ABE61298FFF7A8
:1085F000AAFB1298FFF784FC0AB0BDEC088BBDE81B
:10860000F78F00007B14AE4728010020BC9F0008B4
:108610000000D0C0FCA9F1D24D62503F5C9F000821
:108620009A9999999999A93F000000000000F03F9C
:1086300000001440E17A843F000000000000E83FA1
:108640005FF07E51016000214160002181600021C6
:10865000C1607047002101600021416000218160FC
:10866000704700002DE9F84305000E0017009846FA
:10867000DDF82090099C23009BB26A463100C9B204
:108680002800C0B200F021F80100C9B2002919D0B9
:10869000012111FA08F1491EB7EB0802521C914062
:1086A0009DF800200A408DF800209DF80020B7EBCF
:1086B00008035B1CD2B2DA408DF800209DF8002040
:1086C00089F8002040B2BDE8F283F8B504000D003F
:1086D00016001F00380080B20090330001222900EC
:1086E000C9B22000C0B200F001F8F2BD2DE9FF4789
:1086F00005000E00170098460C9C5FF00009FBF780
:108700006BFF8246200080B202903800C0B280B277
:108710000190CDF8008001233200D2B292B229003C
:10872000C9B2490089B2A548FBF7DAF9010008008F
:10873000C0B2002802D1380040B201E05FF0FF3043
:1087400040B204B0BDE8F0872DE9F04F85B00500D8
:108750000E00170098460E9C00208DF80C00FBF7C9
:108760003BFF04903800C0B2400000F0DDFA8246C2
:10877000200080B202903800C0B280B2400080B2C7
:108780000190CDF800A001233200D2B292B22900AC
:10879000C9B2490089B28948FBF7A2F98346584615
:1087A000C0B2002814D100203900C9B288420BDAC7
:1087B0001AF8101009021AEB4002527851FA82F1AD
:1087C00028F81010401CEFE7B9464FFA89F901E08C
:1087D0005FF0FF39504600F079FB484640B205B0E3
:1087E000BDE8F08FF8B504000D0016001F007448B6
:1087F00003886A462900C9B22000C0B2FFF765FFAE
:108800003800C0B2002807D09DF800000121B14017
:1088100008438DF8000006E09DF800000121B140FA
:1088200088438DF800009DF800202900C9B220007F
:10883000C0B200F03BF8F2BD2DE9F84305000E0090
:1088400017009846089C5E4803886A463100C9B202
:108850002800C0B2FFF739FF002824D05FF00109DB
:1088600019FA08F9B9F10109B7EB0800401C19FA27
:1088700000F9B7EB0800401C844019EA04049DF895
:10888000000030EA09008DF800009DF80000204348
:108890008DF800009DF800203100C9B22800C0B258
:1088A00000F004F800E00020BDE8F28334B50400D5
:1088B0000D006B4601222900C9B22000C0B200F0B1
:1088C00001F832BD2DE9FF4104000D0016001F0024
:1088D0005FF00008002001003200C9B2D2B291421C
:1088E00001D2401CF7E7642002903000C0B280B291
:1088F0000190009701232A00D2B292B22100C9B29E
:10890000490089B22D48FBF733F8C0B2002801D1E5
:10891000012000E00020C0B204B0BDE8F0812DE9E4
:10892000FF4704000D0016001F005FF00008300034
:10893000C0B200F0F9F9824600200100C9B232004D
:10894000D2B2B1EB420F01DA401CF6E70020310051
:10895000C9B288420CDA37F8101089B2090A0AF84D
:10896000101037F810101AEB40025170401CEEE75F
:10897000642002903000C0B280B2400080B201900A
:10898000CDF800A001232A00D2B292B22100C9B2D0
:10899000490089B20948FAF7EBFF8146504600F0DA
:1089A00095FA5FFA89F9B9F1000F01D1012000E0D1
:1089B0000020C0B204B0BDE8F087000048040020E9
:1089C0002801002070B50400FBF706FE0500260014
:1089D00016F1010F02D0044800783618FBF7FCFDB1
:1089E000401BB042FAD370BD2A01002052EC101A8D
:1089F000B0EEC00AC80F49005200F0EEE00A28BFEE
:108A00000C3011F1807F38BF12F1807F0CD28A4286
:108A100038BF80F00400124214D034BF80EE800AC8
:108A200080EE200A00F07EBA11F1807F08BF80F04E
:108A3000040098BF12F1807F08D88A4214BF002238
:108A40004FF07E5200EE102A00F06CBA6FF0004139
:108A500000EE101A70470000B5EEC00AF1EE10FAF1
:108A600002D4B1EEC00A70476FF0004C00EE10CA9D
:108A7000AFF3008070470000C0F3C75181B1FF29F8
:108A800006D0C110400721F0E04101F1605170476C
:108A900041020CBF40F4E0016FF00041002070473C
:108AA00000F0004100020AD0B0FA80FC00FA0CF09D
:108AB00001F16051A1EB0C5101EBD0214005704751
:108AC000DFED620A60EE200A10EE902A22F00041EB
:108AD00001EE101ADFED5E1AB4EE611AF1EE10FA33
:108AE00025D54FF07C51D20F62F3DF7101EE101AE1
:108AF00071EE200AFDEEE00A10EE901A00296AD00D
:108B0000FAEEC90A9FED531A00EE810ADFED521A00
:108B100000EEA10A9FED512A00EE820ADFED502AF5
:108B200000EEA20A9FED4F1A00EE810A53E010EE0C
:108B3000101A4B001B1613F1010F0AD14900081639
:108B400010F1010F02D1090240F07F809FED460A2B
:108B50007047490004D1002877D0B7EE000A70476B
:108B60004FF07C51D20F62F3DF7101EE101A71EEFB
:108B7000200A10EE902A51000DD0090EC1F1960185
:108B80001829A8BF02F0004203DA0029C4BFCA4076
:108B90008A4000EE902A10EE901A490017D09FEDFF
:108BA000331A20EE811ADFED2B1A01EE210A9FED18
:108BB0002A2A01EE020ADFED292A01EE220A9FEDA0
:108BC000283A01EE030ADFED271A01EE210AFDEE35
:108BD000E00A10EE901A01F00301081810EE101AC6
:108BE00021F0004100EE901A9FED211AF4EE410AA7
:108BF000F1EE10FA04D5C10723D5B7EE000A20E044
:108C0000C10760EE000A0ED5DFED1A1A9FED1A0AB1
:108C100000EEA10A9FED191A00EE201AB7EE000A25
:108C200001EE200A0DE0DFED161A9FED162A00EE88
:108C3000A12ADFED152A20EE201A42EE202A01EEAD
:108C4000220A800748BFB1EE400A704783F9223FED
:108C50000000004F0000C9C600A0FDC00020A2BA5D
:108C6000000034B30030C2AEFFFFFF7F0000803849
:108C7000000080399349B2BA36A02A3DDFFFFFBE1B
:108C80006E8C4CB94283083CA1AA2ABE012017E78A
:108C9000002015E70DB41EB506A801900A46002471
:108CA000009401AB05A9044878440C30F9F736F973
:108CB00003B010BC5DF810FB4384FFFF08B410B58F
:108CC00085B007AB00240493039400290EBF0194E0
:108CD0000190491E0291009404AB01A90748784411
:108CE0001A30F7F75CFA019901B10C70002858BFEF
:108CF000039805B010BC5DF808FB00BF9384FFFF2C
:108D00000EB41EB5024605A801900024009401ABE4
:108D10000121044878440C30F7F741FA03B010BC45
:108D20005DF810FB2112000010B50446AFF300807F
:108D3000204600F005F80446AFF30080204610BD41
:108D4000F8B500F10F04E408E400A0422BD2082C8F
:108D500004D2082402E0083000F047F8DFF80021D0
:108D60001368190005D1002007E00568A5420DD25F
:108D7000011D08680028F8D11868111D00E0191DB0
:108D80000B6883420BD01D68A542F8D359B10B681C
:108D900018680838A04208D2586808600FE000F050
:108DA00013F90028D7D10020F2BD181908601D1D45
:108DB000586828511E680F68361B3E601C600868A2
:108DC00000281DBF41680029001D0020106003F12C
:108DD0000800F2BD10B5040006D0AFF300802046B5
:108DE00000F003F8AFF3008010BD002800D17047F9
:108DF00070B4A0F108021468072C2ED914F0070FE4
:108E00002BD1DFF85C30596809B18A4203D2516036
:108E10005A6015E00146486808B19042FAD30868E4
:108E20000E18B24219D3964203D124180C600A4698
:108E300006E0486810B11419A0420ED350604A6091
:108E4000506850B114681519854206D100261E607D
:108E500001680C1914604068506070BC70470000D5
:108E6000D00700200300002013F0030F09D0521E8A
:108E700022BF13F8010B11F801CBB0EB0C00F3D0BB
:108E8000704711F0030F14D1121F22BF53F8040BC7
:108E900051F804CB6045F7D0121D0AD200BA9CFAF3
:108EA0008CFCB0EB0C0038BF6FF0000088BF0120D5
:108EB0007047521E22BF13F8010B11F801CBB0EB23
:108EC0000C00F6D0521C08BF10467047FFF782BF57
:108ED00030EE600A32EE612A71EE600AC2EE200ABC
:108EE00040EE201AB0EE610A7047000010EE100A42
:108EF000F44600F003F800EE100A6047C0F3C752D2
:108F00007E3A09DD182A0CDA6FF07F41D14020EA61
:108F1000510040188843704700F0004008BF40F0FF
:108F20007E5070471AA210EE101A43F2A40CC3F63A
:108F3000896CF2EC060A614509DB00EE803A70EEBE
:108F4000800A83EE200A40F0020010EE101A490059
:108F5000D1F1E6410BD860EE000A20EE203A03EE94
:108F6000010A01EEA02A42EE202A80EE220A4008E1
:108F700010F0020F18BFB1EE400A02EB8002D2EDF2
:108F8000000A30EE200A28BFB1EE400A7047000008
:108F9000D7B3DD3F6AD5033F2B94A93DB82A593F8B
:108FA0000000803F000080BF00000000920A063FE2
:108FB000DB0FC93F920A863FDB0FC93F920A06408A
:108FC000DB0F4940368D27400749086808B100206B
:108FD00070470648C008C00008600549C908C900B4
:108FE000091A0160704700BF54080020670C002078
:108FF000600E002000F8F62A3F68F57A0006FFFEB2
:109000000003000000650054FFEF0000FA80000B31
:1090100012820001030C30C30A74562D0D62DBC7A7
:1090200016F4BA023883F8833000F883258EF8836B
:109030003000F883FFFFFFFF0CBDD81124000400AF
:109040001A8279A10036003C0000000000100000E8
:1090500038836FA2003E03304000000002CAE309DB
:109060003E800000200000000000000040000000E2
:10907000600000001FA4E8E4FFF5DCB9005B79CFD5
:109080001F3F787600867C5A00862347FAB98631DE
:109090000074878A0000000000004305FFFFE9A874
:1090A00000002182FAB84D46FFFADF3DFFFFB2B360
:1090B000000000003FFFBA98005DAC08000A63782A
:1090C00000014621FFFF0000000042B500060064D9
:1090D000006400061406029F0F479132D90E9FC903
:1090E0001DCF4C343BB67AE80064000600C800008F
:1090F0000000FFFE10000000000000000000000063
:109100000000000000070000FFF10000FA46000028
:10911000A2B800001000000004D6000004CC00003B
:1091200004CC00000000000000000000000000006F
:10913000000000000006000200050007000000001B
:1091400000640000000000000000000C0005006446
:1091500000200000000000000000000000004000AF
:109160000000030000000032F8980000FF650000D6
:10917000830F000000060000FFF10000FA46000027
:10918000A2B8000000000000000000000000000085
:10919000000000000000003200000000000000009D
:1091A00000001000000000010000000D0000B26A85
:1091B000000200000001FB83007C0000FB15FC00A6
:1091C0001FB4FF830000000100650007006403E88E
:1091D000006400280000FFFD0000000016A0000051
:1091E0000000000000001000002F0000000001F44B
:1091F0000000100000280000FFFF4581FFFFFA7209
:109200000000000000000000004400010005BAC694
:10921000004778A2000000000000000000000600E7
:1092200000000014000023BB002EA25B00000568B4
:10923000000BCF490004FFFD000200000000000207
:1092400000000000001B0000000000000000000003
:109250000000000000640007000800060006FFFE92
:1092600000000000000000000000000000000000FE
:1092700000000000000000000000000000000000EE
:1092800000000000000000000000000000000000DE
:1092900000000000002EA25B00000568000BCF4913
:1092A0000000000000F8F62A3F68F57A0004FFFD90
:1092B00000020000001B0000000000000000000091
:1092C000000E000EFFFFFFCF000400000000003280
:1092D000FFFFFF9C000043050000000000000001AC
:1092E00000000064FFE50000000000000000000036
:1092F000000000000000000100000000000100006C
:1093000000000000000180000001800000018000DA
:10931000002426D300010001000000000006001018
:109320000096003C0000000000000000000000006B
:109330001F9E655D0C0A4E68CDCF770950166759A0
:10934000C619CE82000000000000000000000000EE
:109350000047711C000000000000000017D78400C7
:10936000030000000011DC4703000000C7938F9D3D
:109370001E1B1C19FFFFFFFF000000000EDFA438BA
:109380001F9E655D000000000047711C02031885E8
:10939000000040000000000000000003000000008A
:1093A000000000003FFFFFFDFFFFF4C9FFFFBCF01E
:1093B00000010C0F00000000000000000000000091
:1093C000000000000000000000000000000000009D
:1093D00000000000F5B7BAB3677DDF7E72902E55AE
:1093E0004CF6E688000000000000000000000000CD
:1093F00000000000D8DCB4B8B0D8B9ABF3F8FAB3C9
:10940000B7BB8E9EAEF132F51BF1B4B8B08097F1C8
:10941000A9DFDFDFAADFDFDFF2AA4CCD6CA90CC920
:109420002C97F1A989264666B28999A92D557DB058
:10943000B08AA896365676F1BAA3B4B280C0B8A85E
:109440009711B28398BAA3F0240844106418B2B9F3
:10945000B49883F1A329557DBAB5B1A38393F000E5
:109460002850F5B2B6AA839328547CF1B9A382930D
:1094700061BAA2DADEDFDB819AB9AEF5606870F11D
:10948000DABAA2DFD9BAA2FAB9A38292DB31BAA2C0
:10949000D9BAA2F8DF85A4D0C1BBAD83C2C5C7B815
:1094A000A2DFDFDFBAA0DFDFDFD8D8F1B8AAB38D43
:1094B000B4980D355DB2B6BAAF8C96198F9FA70ED2
:1094C000161EB49AB8AA872C547CBAA4B08AB69156
:1094D000325676B28494A4C808CDD8B8B4B0F19905
:1094E00082A82D557D98A80E161EA22C547C92A4FD
:1094F000F02C5078F184A898C4CDFCD80DDBA8FCE2
:109500002DF3D9BAA6F8DABAA6DED8BAB2B68696DC
:10951000A6D0F3C841DAA6C8F8D8B0B4B882A892E9
:10952000F52C548898F135D9F418D8F1A2D0F8F96F
:10953000A884D9C7DFF8F883C5DADF69DF83C1D82B
:10954000F40114F1A8824EA884F311D182F5D992C6
:10955000289788F109F41C1CD884A8F3C0F9D1D944
:109560009782F129F40DD8F3F9F9D1D982F4C20325
:10957000D8DEDF1AD8F1A2FAF9A88498D9C7DFF8A3
:10958000F8F883C7DADF69DFF883C3D8F40114F190
:1095900098A8822EA884F311D182F5D99250978889
:1095A000F109F41CD884A8F3C0F8F9D1D99782F155
:1095B00049F40DD8F3F9F9D1D982F4C403D8DEDF28
:1095C000D8F1AD8898CCA809F9D98292A8F57CF198
:1095D000883ACF944A6E98DB6931DAADF2DEF9D879
:1095E0008795A8F221D1DAA5F9F417D9F1AE8ED07A
:1095F000C0C3AE82C684C3A88595C8A588F2C0F151
:10960000F4010EF18E9EA8C63E56F554F18872F410
:109610000115F19845856EF58E9E0488F142985AA1
:109620008E9E068869F4011CF1981E1108D0F5047D
:10963000F11E970202983625DBF9D985A5F3C1DA28
:1096400085A5F3DFD88595A8F309DAA5FAD8829223
:10965000A8F578F1881A849F26889821DAF41DF3FA
:10966000D8879F39D1AFD9DFDFFBF9F40CF3D8FAF3
:10967000D0F8DAF9F9D0DFD9F9D8F40BD8F3879F0D
:1096800039D1AFD9DFDFF41DF3D8FAFCA869F9F9B5
:10969000AFD0DADEFAD9F88F9FA8F1CCF398DB458A
:1096A000D9AFDFD0F8D8F18F9FA8CAF38809DAAF15
:1096B0008FCBF8D8F2AD978D0CD9A5DFF9BAA6F308
:1096C000FAF412F2D8950DD1D9BAA6F3FADAA5F2C6
:1096D000C1BAA6F3DFD8F1BAB2B68696A6D0CAF35D
:1096E00049DAA6CBF8D8B0B4B8D8AD84F2C0DFF16F
:1096F0008FCBC3A8B2B68696C8C1CBC3F3B0B4882B
:1097000098A821DB718D9D71859521D9ADF2FAD88C
:109710008597A828D9F408D8F28D29DAF405D9F26A
:1097200085A4C2F2D8A88D9401D1D9F411F2D887BA
:1097300021D8F40AD8F28498A8C801D1D9F411D854
:10974000F3A4C8BBAFD0F2DEF8F8F8F8F8F8F8F8F0
:10975000D8F1B8F6B5B9B08A95A3DE3CA3D9F8D84C
:109760005CA3D9F8D87CA3D9F8D8F8F9D1A5D9DF6A
:10977000DAFAD8B18530F7D9DED8F830ADDADED8EC
:10978000F2B48C99A32D557DA083DFDFDFB591A0C6
:10979000F629D9FBD8A0FC29D9FAD8A0D051D9F8FC
:1097A000D8FC51D9F9D879D9FBD8A0D0FC79D9FA0D
:1097B000D8A1F9F9F9F9F9A0DADFDFDFD8A1F8F8D3
:1097C000F8F8F8ACDEF8ADDE8393AC2C547CF1A84D
:1097D000DFDFDFF69D2CDAA0DFD9FADB2DF8D8A881
:1097E00050DAA0D0DED9D0F8F8F8DB55F8D8A87850
:1097F000DAA0D0DFD9D0FAF8F8F8F8DB7DF8D89CF9
:10980000A88CF530DB38D9D0DEDFA0D0DEDFD8A8D9
:1098100048DB58D9DFD0DEA0DFD0DED8A868DB7007
:10982000D9DFDFA0DFDFD8F1A888902C547C98A87E
:10983000D05C38D1DAF2AE8CDFF9D8B087A8C1C1DC
:10984000B188A8C6F9F9DA36D8A8F9DA36D8A8F96D
:10985000DA36D8A8F9DA36D8A8F9DA36D8F78D9DED
:10986000ADF818DAF2AEDFD8F7ADFA30D9A4DEF9E8
:10987000D8F2AEDEFAF983A7D9C3C5C7F1889BA792
:109880007AADF7DEDFA4F8849408A797F300AEF270
:109890009819A488C6A39488F632DFF28393DB0973
:1098A000D9F2AADFD8D8AEF8F9D1DAF3A4DEA7F15D
:1098B000889B7AD8F38494AE19F9DAAAF1DFD8A894
:1098C00081C0C3C5C7A39283F628ADDED9F8D8A35B
:1098D00050ADD9F8D8A378ADD9F8D8F8F9D1A1DA34
:1098E000DEC3C5C7D8A18194F818F2B089ACC3C54E
:1098F000C7F1D8B8B4B09786A8319B069907AB9743
:1099000028889BF00C201440B0B4B8F0A88A9A289C
:109910005078B79BA8295179247059446938644814
:1099200031F1BBAB88002C547CF0B38BB8A8042871
:109930005078F1B088B49726A85998BBABB38B0286
:10994000264666B0B8F08A9CA82951798B295179AE
:109950008A2470598B2058718A4469388B39406841
:109960008A6448318B30496088F1AC002C547CF01B
:109970008CA804285078F1889726A85998AC8C02B6
:10998000264666F0899CA829517924705944693883
:10999000644831A98809205970AB11384069A81969
:1099A0003148608CA83C415C207C00F18798198686
:1099B000A86E767EA999882D557DD8B1B5B9A3DF5B
:1099C000DFDFAED0DFAAD0DEF2ABF8F9D9B087C4C2
:1099D000AAF1DFDFBBAFDFDFB9D8B1F1A3978E60AB
:1099E000DFB084F2C8F8F9D9DED89385F14AB183A3
:1099F000A308B5839A0810B79F10D8F1B0BAAEB0DB
:109A00008AC2B2B68E9EF1FBD9F41DD8F9D90CF1F9
:109A1000D8F8F8AD61D9AEFBD8F40CF1D8F8F8ADB0
:109A200019D9AEFBDFD8F416F1D8F8AD8D61D9F4B1
:109A3000F4ACF59C9C8DDF2BBAB6AEFAF8F40BD8DB
:109A4000F1AED0F8AD51DAAEFAF8F1D8B9B1B6A3AB
:109A5000839C08B9B1839AB5AAC0FD3083B79F1023
:109A6000B58B93F20202D1ABDADED8F1B080BAAB9B
:109A7000C0C3B284C1C3D8B1B9F38BA391B609B442
:109A8000D9ABDEB0879CB9A3DDF1B38B8B8B8B8B0D
:109A9000B08720283038B28BB69BF2A3C0C8C2C4AE
:109AA000CCC6A3A3A3F1B087B59AD8F39BA3A3DC3C
:109AB000BAACDFB9A3FEF2ABC4AAF1DFDFBBAFDF04
:109AC000DFA3A3A3D8D8D8BBB3B7F1AAF9DAFFD9DB
:109AD000809AAA28B48098A720B79787A86688F0AC
:109AE0007951F1902C870CA781976293F071716086
:109AF00085940129517990A5F1284C6C870C951813
:109B00008578A38390284C6C886CD8F3A28200F2ED
:109B100010A8921980A2F2D926D8F188A84DD94868
:109B2000D896A83980D93CD89580A839A68698D9E6
:109B30002CDA87A72CD8A8899519A980D938D8A854
:109B40008939A980DA3CD8A82EA83990D90CD8A890
:109B5000953198D90CD8A809D9FFD801DAFFD89542
:109B600039A9DA26FFD890A80D8999A810809821E4
:109B7000DA2ED88999A83180DA2ED8A88696318035
:109B8000DA2ED8A8873180DA2ED8A88292F34180C5
:109B9000F1D92ED8A882F31980F1D92ED882ACF34E
:109BA000C0A28022F1A62EA72EA92298A829DAAC5D
:109BB000DEFFD8A2F22AF1A92E8292A8F23180A665
:109BC00096F1D900AC8C9C0C30ACDED0DEFFD88C8A
:109BD0009CACD010ACDE8092A2F24C82A8F1CAF20A
:109BE00035F19688A6D900D8F1FF00000000412980
:109BF000211C19171615141312121111111010101F
:109C00000F0F0F0F0E0E0E0E0E0E0E0D0D0D0D0D75
:109C10000D00000030313233343536373839616267
:109C2000636465666768696A6B6C6D6E6F7071728C
:109C3000737475767778797A000000007363616ECB
:109C4000665F733A206261642025632C2025732CA3
:109C5000206F7220255B20617267756D656E7400E0
:109C600000000000000024400000000000005940F7
:109C7000000000000088C3400000000084D7974126
:109C80000080E03779C34143176E05B5B5B89346F8
:109C9000F5F93FE9034F384D321D30F94877825AC4
:109CA0003CBF737FDD4F157580B50D4A7A44303265
:109CB0000C4B7B442E339A4203D00B49AFF3008008
:109CC00002BD8DF8000001226946012000F00EF867
:109CD000012802D19DF8000002BD4FF0FF3002BD07
:109CE0002063FFF71C63FFF7D400002080B5002835
:109CF00002D400F003F802BD002002BD80B50029A7
:109D000001D1002002BD012801D0022802D100F0BB
:109D100004F802BD00F011F802BD30B583B00C00AC
:109D200015000120F8F7A6F8009001940295694605
:109D30000520ABBE281A03B030BD18B583B00300B0
:109D4000140000930191029469460520ABBE0122E4
:109D50001900201AAFF3008004B010BD30B4002504
:109D600012E050F8042BD30744BF4A44521E091F87
:109D7000042942F8045BFAD213468C0744BF1580CD
:109D80009B1CC90748BF1D7050F8041B0029E8D16F
:109D900030BC7047FEE7FEE7FEE7FEE7FEE77047F0
:109DA0007047704780B500F00FF801BD80B50448DA
:109DB000FCF784FE01BD80B50248FCF77FFE01BDC3
:109DC000E80300208803002003480168034A127852
:109DD00089180160704700BF500800202A01002048
:109DE0007363616E665F733A2062616420666C6FB4
:109DF0006174696E672D706F696E7420617267752A
:109E00006D656E740000000010B507497944183183
:109E1000064C7C44163404E00A68081D89188847FB
:109E20000146A142F8D110BD680000008800000082
:109E30004EF68851CEF20001086840F470000860C8
:109E4000BFF34F8FBFF36F8F4FF00170E1EE100A39
:109E50007047000000F00FF8002801D0FFF7D4FF92
:109E6000AFF300800020AFF30080AFF30080FAF77B
:109E7000B9FB00F002F80120704700F001B80000C3
:109E800000F000F807463846F7F7D4FFFBE700007C
:109E9000CDFEFFFF340700002C0100200000000071
:109EA000C771FFFF18020000E6000000000000205C
:109EB00025000000252E33662C252E33662C252EFA
:109EC00033662C252E33662C252E33662C252E3317
:109ED000660A000010B50446044979440E3104486E
:109EE00078440C3000F006F8204610BDF400000065
:109EF000E800000038B504460D46AC4205D02068A5
:109F000020188047241DAC42F9D131BD4EF6A55032
:109F1000CFF6F560014603B4684680F30988AFF3D5
:109F20000080FFF785FFFFF795FF00006669666F09
:109F3000207761697420746F6F206C6F6E67210ADF
:109F40000000000038B504460D462846FFF7ACFE79
:109F5000A84218BF0024204632BD00004572726F2F
:109F600072207374696C6C203A2025640A0000002A
:109F70006669666F206E6F2064617461210A00005B
:109F800000000000000000000102030406070809A9
:109F90000148804701480047A19F00080D9F000825
:109FA0000248016851F470010160704788ED00E0DB
:109FB00025662C25662C2566000000000A62656770
:109FC000696E210A00000000000610160006101637
:109FD0000000000001020304D9D1FFFFB5D0FFFF4C
:109FE000FFF7FEBFFFF7FEBFFFF7FEBFFFF7FEBFA5
:109FF000FFF7FEBFFFF7FEBFFFF7FEBFFFF7FEBF95
:10A00000FFF7FEBFFFF7FEBFFFF7FEBFFFF7FEBF84
:10A01000FFF7FEBFFFF7FEBFFFF7FEBFFFF7FEBF74
:10A02000FFF7FEBFFFF7FEBFFFF7FEBFFFF7FEBF64
:10A03000FFF7FEBFFFF7FEBFFFF7FEBFFFF7FEBF54
:10A04000FFF7FEBFFFF7FEBFFFF7FEBFFFF7FEBF44
:10A05000FFF7FEBFFFF7FEBFFFF7FEBFFFF7FEBF34
:10A06000FFF7FEBFFFF7FEBFFFF7FEBFFFF7FEBF24
:10A07000FFF7FEBFFFF7FEBFFFF7FEBFFFF7FEBF14
:10A08000FFF7FEBFFFF7FEBFFFF7FEBFFFF7FEBF04
:10A09000FFF7FEBFFFF7FEBFFFF7FEBFFFF7FEBFF4
:10A0A000FFF7FEBFFFF7FEBFFFF7FEBFFFF7FEBFE4
:10A0B000FFF7FEBFFFF7FEBFFFF7FEBFF00A2F0A54
:10A0C000D7233C000000400000010001221042F0B4
:10A0D000050724F400F31400080452FF01E3A6125C
:10A0E0001410010000BA0C21862002540000204BFD
:10A0F0002002B31B00080852AD0812C90812B104AF
:10A1000052DD10E10161C230010204010C10039C18
:10A11000040020EC04529C04211F6108F0060F1C6F
:0FA1200001002008010020F561B00001E80301F3
:0400000508009F0D43
:00000001FF
